Sample,Year,Loc,Temperature,pH
08683UR,2008,G,62.2,5.46
08328ZX,2008,G,64.1,5.089
08944PC,2008,G,24.6,2.273
08728EV,2008,G,76,5.255
08482RP,2008,G,61.8,3.559
08992OJ,2008,G,29.7,3.048
08373CF,2008,G,79.8,2.343
08613ZE,2008,G,48.1,5.189
08821KP,2008,G,44.4,5.991
08456TJ,2008,G,40.3,6.25
08143LF,2008,G,41.3,5.841
08135KQ,2008,G,52.5,5.388
08472YC,2008,G,52.8,3.452
08311TF,2008,G,48,2.715
08188SB,2008,G,41.1,3.073
08245JG,2008,G,56.1,5.315
08713BS,2008,G,30.6,5.601
08421UE,2008,G,34.9,1.784
08419OR,2008,G,74.9,5.524
08787JK,2008,G,51.1,5.54
08256RK,2008,G,61,6.958
08868DS,2008,G,52.3,5.443
08445QK,2008,S,85.6,2.288
08827AZ,2008,S,79.7,1.873
08221WZ,2008,S,82.1,5.444
08993QK,2008,S,72.8,6.374
08536VP,2008,S,53.9,2.135
08412UI,2008,S,90,2.413
08452WZ,2008,S,50,5.784
08713RB,2008,S,51.5,2.769
08264YC,2008,S,46.3,1.942
08573VM,2008,S,50.4,2.55
08658JK,2008,S,80.2,5.449
08683ID,2008,S,42.8,7.882
08412BH,2008,S,83.6,2.801
08625QS,2008,S,72.6,3.089
08292JF,2008,S,81.2,3.118
08967HG,2008,S,58.2,5.221
08954CA,2008,S,86.5,2.487
08788DG,2008,S,86.4,3.578
08924CD,2008,S,83.3,3.434
08499ZP,2008,S,56.8,2.803
08737WU,2008,S,74.1,1.859
08122OK,2008,S,61.9,1.84
08452FB,2008,S,45.6,6.015
08614VF,2008,S,25.3,1.815
08565PL,2008,S,46.1,6.339
08411RL,2008,S,67.8,6.128
08696MC,2008,S,80.8,5.124
08527ZQ,2008,S,67.5,7.221
08448MY,2008,S,79.1,5.942
08666CI,2008,S,61.3,7.818
08385PC,2008,S,87.4,6.467
08258RN,2008,S,60,8.08
08632CF,2008,S,96,7.362
08484UF,2008,S,82.7,7.671
08799BU,2008,S,76,7.744
08839MX,2008,S,73,8.519
08618ZD,2008,S,63.9,8.272
08971QU,2008,S,95,7.965
08117MZ,2008,S,82.1,8.154
08418ZV,2008,S,74.1,8.201
08333HJ,2008,S,67,8.75
08284CP,2008,S,81.5,7.979
08947NP,2008,S,77.5,8.793
08461QM,2008,S,91.9,6.584
08838ZT,2008,S,71.1,8.269
08591CV,2008,S,88.3,3.604
08351PE,2008,S,94.7,7.227
08683RY,2008,S,92.3,7.333
08218SO,2008,S,70.5,7.986
08994GH,2008,S,60.3,8.723
08319UR,2008,S,48.7,9.217
08615GY,2008,S,90.9,8.039
08365GB,2008,S,70.3,8.119
08466ZR,2008,S,54.2,8.864
08243JM,2008,S,71.1,8.453
08597NB,2008,S,34.7,8.907
08314LE,2008,S,94.3,7.756
08355SY,2008,I,94.8,8.442
08497AC,2008,I,69.8,8.212
08369OR,2008,I,94,7.639
08368XI,2008,I,70.1,8.387
08364MV,2008,I,72.1,8.149
08499MO,2008,I,62.7,8.531
08774NL,2008,I,44.1,8.356
08646NS,2008,I,50.4,7.804
08143LS,2008,I,48.3,8.258
08453DN,2008,I,80.8,8.82
08252LO,2008,I,65.3,8.042
08131QH,2008,I,75.7,8.074
08664HI,2008,W,79.7,7.524
08512BO,2008,W,83.3,7.728
08437RU,2008,W,81.8,7.527
08256RL,2008,W,70.8,8.358
08695VU,2008,W,73.5,8.533
08227EK,2008,W,67.5,8.003
08458UY,2008,W,38.5,9.385
08896GW,2008,W,77.5,8.116
08415IT,2008,W,80.8,8.734
08148RH,2008,W,72.1,8.917
08998NQ,2008,W,83,8.585
08323BQ,2008,W,80.6,7.503
08849KO,2008,W,75.6,7.725
08442QM,2008,W,87.1,7.803
08167CV,2008,W,73.8,8.677
08531XU,2008,W,59.8,8.384
08431KB,2008,W,92.3,8.448
08832AB,2008,C,79.6,2.266
08629HC,2008,C,95,8.08
08295VC,2008,C,92.6,7.353
08634AQ,2008,C,61.1,3.507
08471TL,2008,C,25.2,8.123
08885OF,2008,C,90.6,8.144
08353YB,2008,C,76.4,2.514
08659CQ,2008,C,56.2,2.596
08545QM,2008,C,87.9,2.133
08692LC,2008,R,85.3,9.046
08551IZ,2008,R,92.6,9.012
08437EM,2008,R,87.3,4.833
08613HQ,2008,R,81.4,7.998
08692OB,2008,R,92.6,3.274
08182CN,2008,R,91.7,8.277
08681KP,2008,R,84.2,8.655
08464VD,2008,R,82.6,8.51
08121QR,2008,R,72.6,9.041
08684QQ,2008,R,84.2,8.807
08731PG,2008,R,73.5,8.968
08279FN,2008,R,73.3,8.633
08532RT,2008,R,73,9.298
08641LA,2008,R,69.4,8.842
08648IM,2008,R,75.7,7.957
08593JH,2008,R,59.3,9.19
08858NF,2008,R,81.1,3.45
08785QN,2008,R,84.6,2.837
08213VU,2008,R,87.3,5.183
08842GF,2008,R,82.5,5.278
08842SA,2008,R,83.9,8.586
08586RQ,2008,R,66.5,9.103
08565RD,2008,R,62.9,9.61
08313EW,2008,R,60.6,9.48
08572ZU,2008,R,64.9,9.385
08791GO,2008,R,88.4,7.941
08613TK,2008,R,84.4,4.18
08549JN,2008,R,88.5,8.673
08246MG,2008,R,69.8,5.473
08613DP,2008,R,84.3,7.15
08573MV,2008,R,90.6,6.042
08576RQ,2008,R,88.6,4.206
08252GX,2008,R,88.2,3.249
08392EN,2008,R,68.3,5.767
08145HC,2008,R,62.5,4.281
08858QV,2008,R,93,8.132
08594SM,2008,R,66.7,8.805
08479DA,2008,R,68,7.986
08211YM,2008,R,55.7,8.469
08698OI,2008,R,55.1,8.425
08433SY,2008,R,68.6,8.644
08497DF,2008,R,68.6,8.705
08675IU,2008,R,81.3,8.475
08513LX,2008,R,91.9,8.331
11449ES,2011,G,33.4,2.661
11748SA,2011,R,85.2,8.433
11786RI,2011,R,57.8,4.422
11856MB,2011,R,57.9,3.839
11758AM,2011,R,53.7,4.64
11291DV,2011,R,61.6,3.032
11434KM,2011,R,28.4,3.967
11823MC,2011,R,59.9,3.755
11642IY,2011,A,28.5,2.049
11627PJ,2011,A,36.6,1.938
11828JF,2011,A,65.7,2.507
11476XN,2011,A,39.8,1.691
11988RK,2011,A,58.3,2.576
11938OU,2011,A,60.1,2.453
11685AC,2011,A,36.4,2.16
11937ZL,2011,A,52,2.708
11157MM,2011,A,76.8,2.234
11193HI,2011,A,71.5,2.284
11917JP,2011,A,72.6,2.227
11796SC,2011,A,71.6,2.272
11736RS,2011,A,76.2,2.393
11942CS,2011,A,44.1,2.46
11449GB,2011,R,91.2,7.611
11483JM,2011,R,52.7,4.758
11286BO,2011,R,66,4.945
11351HL,2011,R,50,4.121
11475SW,2011,R,80.9,5.748
11512VK,2011,R,83.7,7.693
11316CL,2011,R,85,4.723
11381TR,2011,R,91.7,4.346
11373EJ,2011,R,59.6,4.558
11976GY,2011,W,89.9,6.326
11468ER,2011,W,88.6,5.809
11872VK,2011,W,66.3,5.448
11271ZU,2011,W,81.2,6.14
11849HX,2011,W,68.3,6.599
11122MX,2011,W,81.4,5.749
11935RW,2011,W,80,6.168
11374MH,2011,W,80.9,2.845
11679PJ,2011,W,79.9,2.662
11342VS,2011,W,82.9,3.268
11637MF,2011,W,40,4.197
11651XY,2011,W,56.1,2.567
11514KW,2011,S,31.7,8.637
11135ZI,2011,S,64.5,7.884
11814FY,2011,S,88.5,8.018
11722IS,2011,I,59.5,5.108
11489KU,2011,G,69.9,6.259
11915ZJ,2011,G,43.3,6.569
11367KY,2011,G,76.6,5.105
11143TA,2011,S,90.4,7.664
11419XR,2011,G,53,2.132
11637CB,2011,G,61.6,4.282
11774FQ,2011,G,59.3,5.474
11699NZ,2011,G,65.7,4.656
11276ZX,2011,G,54.5,4.331
11828LO,2011,G,46.7,5.183
11316TE,2011,G,48.3,5.828
11892BI,2011,G,29.4,4.944
11939MO,2011,G,74.1,5.621
11793QB,2011,G,34.5,5.615
11115PE,2011,G,45.2,3.446
11198BS,2011,G,34.2,5.135
11751LJ,2011,G,60.3,4.744
11551XV,2011,G,25.2,4.255
11467DS,2011,G,74.2,5.715
11659YH,2011,G,72,5.66
11513NJ,2011,G,65.6,6.847
11948RO,2011,G,63.8,6.061
11226SF,2011,G,79.8,5.407
11488MG,2011,G,91.3,8.183
11773FU,2011,G,75.8,6.105
11656IX,2011,G,88.3,5.175
11658SU,2011,G,77.5,5.806
11148IX,2011,G,61.6,3.757
11169OD,2011,G,89.7,6.522
11359AF,2011,G,88,5.701
11684CE,2011,G,71.6,1.893
11515AF,2011,G,44.1,2.594
11929RI,2011,S,74.8,5.798
11698NW,2011,S,90.6,1.807
11652GG,2011,S,85,1.679
11583KA,2011,S,61.6,2.996
11141CX,2011,S,80.2,5.404
11551HA,2011,S,74.1,6.35
11843GP,2011,S,54.8,3.547
11316UJ,2011,S,73.5,3.387
11791QL,2011,S,72.3,3.54
11422QL,2011,S,39.7,3.244
11881RL,2011,S,79.2,2.063
11959PP,2011,S,78.6,1.559
11257AP,2011,S,76,5.258
11783JY,2011,S,47.9,5.892
11244QA,2011,S,49.9,5.482
11389QU,2011,S,80.6,4.984
11322RA,2011,S,32.5,2.731
11994UX,2011,S,59.3,8.748
11383PV,2011,S,50.1,9.188
11974CW,2011,W,84.6,8.305
11539EV,2011,R,56.3,5.938
11438WR,2011,W,63.8,8.714
11595ZB,2011,R,69.4,6.411
11971YV,2011,W,79.1,8.688
11631JQ,2011,R,57.1,3.754
11449TC,2011,W,86.2,8.652
11468CP,2011,W,52.6,8.852
11724TC,2011,W,78.2,8.753
11421NL,2011,W,82.2,8.448
11225IU,2011,W,82.2,8.523
11559CP,2011,W,61.4,8.285
11686RG,2011,W,84.5,8.542
11233LD,2011,W,68,8.455
11611ZI,2011,W,57.7,7.987
11517SR,2011,R,39,3.183
11675FE,2011,R,86.4,6.137
11458MB,2011,R,72.7,3.421
11728GQ,2011,R,88,3.034
11431JS,2011,A,29.7,3.162
11185DR,2011,A,61.1,7.304
11898TG,2011,A,61.1,6.709
11346EF,2011,A,56.8,4.204
11759KB,2011,A,54.2,3.573
11331QV,2011,A,72.1,5.124
11163UY,2011,A,72.1,6.102
11697VX,2011,A,42.1,4.588
11111RP,2011,A,37.5,2.81
11489ND,2011,A,41.4,4.362
11711BQ,2011,A,33.8,5.636
11915UH,2011,A,53.2,5.567
11877JT,2011,A,67.3,4.307
11912VW,2011,A,38.8,3.221
11246SN,2011,A,31.4,2.386
11532MI,2011,A,45,2.748
11152LD,2011,A,36.3,3.204
11998ZB,2011,N,76.5,4.405
11241SX,2011,N,70.5,7.713
11829KO,2011,N,63.7,2.802
11169UE,2011,N,82.3,2.409
11614XJ,2011,N,77.6,3.108
11679XW,2011,N,73.4,2.773
11417TJ,2011,N,82.9,3.625
11686UP,2011,N,82.7,3.002
11362HE,2011,N,51.8,2.699
11276IW,2011,N,79.9,2.564
11261XT,2011,N,83.9,2.906
11569ON,2011,N,83.4,2.916
11959DU,2011,N,89.3,7.704
11168TK,2011,N,82.1,7.003
11633GY,2011,R,36.1,3.971
11934JI,2011,R,89.2,3.803
11655KH,2011,R,58.2,3.597
11471UP,2011,R,62.5,3.277
11949FW,2011,R,41.5,4.503
11855KS,2011,R,54,4.3
11952MI,2011,R,49.4,4.626
11329CV,2011,R,36.6,3.118
11213HD,2011,R,67.6,5.684
11435IQ,2011,R,66.9,5.876
11666BS,2011,R,84.2,5.956
11484CC,2011,R,73.7,8.862
11787JY,2011,N,79.1,3.515
11833KC,2011,N,93.1,4.514
11979PH,2011,N,61.8,2.951
11243HZ,2011,N,80,4.439
11362DW,2011,N,73.5,3.368
11669QY,2011,N,47.4,3.033
11462LO,2011,N,84.8,4.281
11241JP,2011,N,86.6,3.568
11459BK,2011,R,89.6,3.547
11792IV,2011,R,79.1,7.494
11713GQ,2011,R,78.3,2.73
11917KP,2011,R,39.1,5.59
11424HL,2011,A,46.2,2.377
11119OH,2011,A,80.3,2.493
11624DA,2011,A,42.8,2.999
11769YO,2011,A,78.7,2.706
11388EI,2011,A,40.7,3.512
11619VN,2011,A,33,3.097
11932SO,2011,I,59.1,4.074
11312DN,2011,I,41.9,3.744
11184DQ,2011,I,72.7,3.14
11458JE,2011,I,87.5,4.559
11392YF,2011,I,72.6,8.693
11993VG,2011,I,89.7,8.596
11688XM,2011,I,85.5,8.635
11667DV,2011,S,88.1,1.46
11728QX,2011,S,76.8,5.399
11217QM,2011,S,44.9,5.244
11268KL,2011,S,26.5,1.864
11891DB,2011,R,72.4,6.735
11949TP,2011,R,76.7,6.684
11116EB,2011,R,80.6,8.861
11155ZJ,2011,R,65.5,9.01
11652UU,2011,R,84.1,8.769
11128AZ,2011,R,94.3,7.824
11952OB,2011,R,76.7,2.437
11774CF,2011,R,81,8.605
11376JZ,2011,R,81.1,7.859
11182ZO,2011,R,87,6.747
11444LX,2011,G,43,2.806
11314IY,2011,G,71.3,3.906
11329ON,2011,G,61.8,4.721
11477FN,2011,G,51.3,6.233
11561ZL,2011,G,74.4,5.332
11828YN,2011,G,57.6,7.829
11295JE,2011,G,79.5,8.016
11655GZ,2011,S,50.4,7.582
11765GL,2011,S,56.3,2.177
11628PZ,2011,S,52.6,2.308
11554LF,2011,S,91.2,7.305
11411DP,2011,S,76.2,7.94
11593ZF,2011,S,68.5,8.161
11495QZ,2011,S,74.9,8.05
11131VI,2011,S,82.6,9.087
11156CZ,2011,I,81.9,8.654
11285YK,2011,I,75.8,8.544
11183CK,2011,S,33.5,9.304
11996SB,2011,G,38.4,3.511
11137QO,2011,G,28.7,2.282
11828DZ,2011,S,23.8,6.251
11244GA,2011,N,43.9,4.321
11764LQ,2011,N,46.9,3.667
11835BB,2011,I,38.9,3.493
11878HH,2011,A,76.7,2.46
11472GP,2011,S,86.8,7.988
12149KD,2012,A,64.1,2.618
12762SJ,2012,A,75.3,1.798
12734OU,2012,A,43.6,6.717
12182RH,2012,A,62.9,6.888
12999WY,2012,A,57.9,7.709
12955YB,2012,A,64.4,5.89
12951WD,2012,A,45.7,6.468
12347OU,2012,A,58.2,7.409
12253YM,2012,A,41.2,3.589
12829OF,2012,A,48.7,4.272
12939NG,2012,A,44.1,5.429
12873PC,2012,A,37.9,6.307
12333RO,2012,A,45.1,5.533
12155XM,2012,A,33.6,6.233
12769FO,2012,A,50.3,5.74
12951ZP,2012,A,53.9,4.714
12591ML,2012,A,51.9,2.097
12576OO,2012,A,93.6,2.024
12913JP,2012,A,16.9,4.775
12835PO,2012,A,23.8,4.367
12423LZ,2012,A,32,3.672
12723PL,2012,A,32.6,3.606
12419CS,2012,A,29.3,3.195
12212QT,2012,A,24.3,3.912
12172HR,2012,C,79.1,2.239
12978ZO,2012,C,69.6,1.75
12481WW,2012,C,61.7,4.023
12481PG,2012,C,60.1,1.478
12797NG,2012,C,79.4,1.719
12778LX,2012,C,46.9,2.702
12521BO,2012,C,89,3.393
12941WU,2012,C,40.1,2.116
12155EI,2012,C,46.2,2.45
12217EN,2012,C,82,3.792
12857GS,2012,C,23.8,2.722
12218CZ,2012,F,16.7,2.439
12198QR,2012,F,32.6,2.444
12454GK,2012,F,39.4,2.362
12895GP,2012,F,46,1.04
12238WN,2012,F,51.7,1.089
12472XM,2012,F,61.5,2.183
12313LP,2012,F,25.7,1.592
12833TF,2012,F,66.6,1.674
12431YC,2012,F,90.3,2.257
12578YP,2012,F,67.8,2.944
12198GA,2012,F,72.2,1.469
12717ZS,2012,F,61.5,1.256
12312LT,2012,F,35.2,1.518
12174BE,2012,F,46.9,1.78
12567AN,2012,F,52.4,1.647
12155ZZ,2012,F,48.2,1.438
12299EX,2012,F,74.8,2.167
12596PX,2012,F,59.1,1.91
12913ZI,2012,F,23.2,2.219
12745PT,2012,F,35.1,2.45
12524KZ,2012,F,56.7,2.831
12924EZ,2012,F,55.7,2.21
12884KZ,2012,F,64.4,1.864
12651TU,2012,F,81.8,1.711
12369QP,2012,F,80.5,2.217
12923PL,2012,F,74.3,2.581
12774HZ,2012,F,35.4,2.719
12838IC,2012,F,49.6,1.988
12744DT,2012,F,51.1,2.446
12467MH,2012,F,46.3,1.873
12723YL,2012,G,85.9,5.584
12218XQ,2012,G,48.9,7.648
12524XT,2012,G,36.8,2.874
12684DP,2012,G,46.4,1.846
12363JG,2012,G,74.3,2.052
12714JS,2012,G,77.1,2.539
12177JD,2012,G,84.5,5.899
12176RO,2012,G,91.4,8.375
12577IC,2012,G,86.9,3.176
12966EG,2012,G,43.3,6.815
12883TL,2012,G,36.2,3.432
12959ZE,2012,G,62.3,7.91
12815PA,2012,G,39.3,8.814
12924RV,2012,G,51.2,7.651
12534WP,2012,G,62.6,7.448
12367IF,2012,G,69.3,6.864
12199US,2012,G,84.2,5.355
12942LB,2012,G,73.2,6.574
12598PS,2012,G,89.6,8.212
12719UM,2012,G,85.8,8.756
12258RA,2012,G,80.7,8.701
12841OO,2012,G,80.3,8.237
12663LM,2012,G,81.8,8.517
12899WR,2012,G,79.6,8.402
12273LN,2012,G,80.8,8.204
12774YX,2012,G,65,5.116
12185YE,2012,G,54,5.245
12591AR,2012,G,72.3,6.564
12832JW,2012,G,49.7,5.542
12486ET,2012,G,38,5.06
12843FM,2012,G,27.5,5.984
12711YL,2012,G,67,4.358
12659OD,2012,I,50.9,2.85
12913NV,2012,I,57.8,4.037
12361NV,2012,I,79.5,4.461
12396ZU,2012,I,93.9,8.078
12885QE,2012,I,78.5,8.116
12213VE,2012,I,67.4,8.37
12273XK,2012,I,55.8,2.791
12136EN,2012,I,66.3,4.087
12626RX,2012,N,68,2.63
12111XU,2012,N,93.7,2.683
12536CX,2012,N,43.5,4.077
12173TS,2012,N,43.2,3.084
12435IP,2012,N,79.5,4.278
12221DM,2012,N,37,4.108
12764JT,2012,N,40.5,4.221
12374EF,2012,N,63.7,2.792
12844XL,2012,N,85.5,3.012
12169KJ,2012,N,42.8,1.992
12644PY,2012,N,56.6,2.692
12351RJ,2012,N,58,7.938
12663VX,2012,N,86.3,6.326
12445OL,2012,N,92,5.286
12615DT,2012,N,83.5,2.442
12176MM,2012,N,87.2,4.365
12928FA,2012,N,59,3.258
12844RW,2012,N,89.2,4.446
12437YW,2012,N,84.2,3.371
12544BS,2012,R,45.6,3.889
12176SJ,2012,R,50.2,4.699
12818PO,2012,R,54.1,4.317
12455EZ,2012,R,70.5,4.048
12852VC,2012,R,92.1,8.497
12733YF,2012,R,71.5,9.359
12146SH,2012,R,76.2,8.99
12814TH,2012,R,61.1,3.698
12173IC,2012,R,65.8,3.464
12182SP,2012,R,54.6,5.128
12375QG,2012,R,55.7,4.709
12489FW,2012,R,71.4,4.929
12789XI,2012,R,52.3,5.006
12475MI,2012,R,48.3,4.118
12215LR,2012,R,92.2,8.005
12138ZR,2012,R,34.6,8.021
12715WJ,2012,S,95.2,8.755
12996PW,2012,S,33,9.292
12487CE,2012,S,52,8.953
12847YR,2012,S,63.3,8.869
12432DO,2012,S,92.4,9.094
12844FS,2012,S,75.3,8.841
12699LW,2012,S,93.2,7.96
12716WE,2012,S,35,8.296
12254XP,2012,S,64.7,7.843
12739WJ,2012,S,71.7,7.6
12854BB,2012,S,79.7,7.406
12235FO,2012,S,86.6,6.779
12644WN,2012,S,27.6,9.41
12151ID,2012,S,64.7,9.024
12158QS,2012,S,78.3,9.065
12555GX,2012,S,87,9.05
12131LS,2012,S,83.8,7.474
12893BX,2012,S,88,7.597
12856ZU,2012,S,86.5,7.348
12426CT,2012,S,86.6,8.298
12717JC,2012,S,69,8.513
12627MS,2012,S,69.9,7.799
12431TP,2012,S,82.3,7.8
12146JG,2012,S,87.8,7.231
12351EF,2012,S,65.7,8.804
12141WK,2012,S,71.1,7.742
12464BL,2012,S,86.5,8.484
12343BS,2012,S,91,7.417
12342ZO,2012,S,59.4,8.133
12756PI,2012,S,70.9,9.193
12369GJ,2012,S,75.4,9.112
12588RQ,2012,S,81.3,8.986
12425RG,2012,S,77.5,8.557
12437NX,2012,S,83.3,8.595
12957YM,2012,S,77.1,7.989
12799WY,2012,S,83.9,8.155
12262ZX,2012,S,77.1,8.677
12712VN,2012,S,86.7,7.391
12631MC,2012,S,88,8.998
12972WA,2012,S,71.2,8.476
12316TZ,2012,S,82.2,7.283
12348RM,2012,S,94.3,7.124
12163MX,2012,S,53.7,2.483
12668XE,2012,S,38.5,2.667
12349CW,2012,S,28.4,2.04
12567PU,2012,S,71.7,5.386
12352KC,2012,S,75.9,5.165
12494RW,2012,S,43.9,2.939
12328MR,2012,S,29.4,2.941
12156JL,2012,S,45.4,7.261
12525YO,2012,S,30.9,2.154
12326QN,2012,S,88.8,1.868
12249TO,2012,S,82.1,2.055
12567RO,2012,S,79.1,1.791
12783ES,2012,S,49.9,7.845
12766CZ,2012,S,69.8,5.819
12754ZH,2012,S,79.3,5.522
12176PH,2012,S,74.1,5.882
12325QV,2012,W,87.7,5.753
12694OW,2012,W,77.3,2.227
12662FI,2012,W,83.6,5.606
12319GV,2012,W,89.3,5.234
12375JI,2012,W,72.9,5.402
12158TV,2012,W,37.3,6.642
12872ZJ,2012,W,84.3,5.699
12265VO,2012,W,87.4,6.173
12749IE,2012,W,75.6,3.071
12539XX,2012,W,74.5,5.207
12458EU,2012,W,42.2,2.209
12593UL,2012,W,50.8,3.356
12311HU,2012,W,82.3,5.876
12377MK,2012,W,53.2,6.962
12142WW,2012,W,34.6,7.5
12555TR,2012,W,71.9,6.791
12982XB,2012,W,43,6.989
12711KW,2012,W,80.6,7.881
12392WM,2012,W,84.4,7.48
12933OM,2012,W,61.2,8.004
12152YZ,2012,W,79.4,6.783
08218KA,2008,S,94.6,7.351
08441AV,2008,S,63.6,8.408
08354BE,2008,S,83.8,8.156
08651NO,2008,I,68.2,8.86
08758BO,2008,I,74.5,8.443
08528NC,2008,I,68.8,8.632
09644LK,2009,G,66.1,4.356
09651KY,2009,G,76.5,1.801
09211EF,2009,G,26.4,2.499
09352IM,2009,G,65.9,4.264
09368SY,2009,G,78.9,5.552
09843OQ,2009,G,36.6,3.153
09245HH,2009,G,84.5,3.04
09915TP,2009,G,64,6.277
09332EL,2009,G,56.5,5.68
09229QO,2009,G,61.7,5.476
09287YD,2009,G,62.8,4.285
09419CD,2009,G,69.6,4.648
09667UT,2009,G,79,5.582
09756VU,2009,G,53.8,1.768
09331ZP,2009,G,68.1,5.368
09379OT,2009,G,32,4.761
09396SV,2009,G,62.8,6.083
09769BH,2009,G,83.8,4.436
09774QA,2009,G,61.5,5.256
09721GH,2009,G,54,4.653
09346OQ,2009,G,64.6,4.76
09714IY,2009,G,81.5,3.382
09682UR,2009,G,49.1,1.653
09536ON,2009,G,68,5.964
09237WH,2009,G,29,5.396
09673JP,2009,G,64,4.753
09714CG,2009,G,78.5,4.856
09986OZ,2009,G,57.7,5.718
09155HW,2009,G,59.6,4.893
09988PW,2009,G,25.5,2.11
09976LR,2009,G,62.4,5.758
09443KD,2009,G,32.6,3.37
09411UJ,2009,G,76.9,2.289
09445MX,2009,S,75.6,6.321
09218PP,2009,S,51.1,2.247
09219FO,2009,S,42.3,2.546
09911TY,2009,S,74.6,5.513
09447LG,2009,S,80.7,2.109
09395CH,2009,S,50,2.354
09867OP,2009,S,71.6,2.869
09299HW,2009,S,46.5,5.437
09597LO,2009,S,23.6,2.664
09943DO,2009,S,38.8,2.987
09426JU,2009,S,71.4,6.238
09517JD,2009,S,84.5,6.622
09284GZ,2009,S,87.4,6.765
09988KE,2009,S,15.4,7.325
09916OQ,2009,S,76.4,2.404
09253WM,2009,S,83.1,1.694
09124YZ,2009,S,60.9,5.651
09576GF,2009,S,80.1,5.149
09176ND,2009,S,86.1,1.916
09144KC,2009,S,77,5.021
09268OX,2009,S,46.3,7.992
09788AI,2009,S,84.8,2.735
09461ZO,2009,S,89.5,2.527
09642FD,2009,S,89.2,2.478
09822XW,2009,S,29.6,2.727
09133VJ,2009,S,94.3,6.112
09336BT,2009,S,85.1,1.905
09211IZ,2009,S,77.8,6.05
09834EG,2009,S,66.5,5.794
09698FX,2009,S,83.9,6.344
09881GK,2009,S,60.5,7.983
09863GV,2009,S,74.2,6.463
09485SP,2009,S,36,6.209
09346LD,2009,S,34.8,3.004
09478WH,2009,S,64.6,5.494
09255VI,2009,S,70.7,2.171
09497XK,2009,S,85.1,5.086
09691XN,2009,S,68,6.661
09298SY,2009,S,54.9,5.809
09915HB,2009,S,50.9,7.14
09292UM,2009,S,25.6,5.406
09368AL,2009,S,44.2,8.323
09259DK,2009,S,93.7,7.046
09437QB,2009,S,81.6,7.457
09767KS,2009,S,75.7,7.797
09397UT,2009,S,69.3,8.301
09447TH,2009,S,64.5,8.346
09388SM,2009,S,87.6,2.685
09199DY,2009,S,93.5,7.527
09928XQ,2009,S,61.8,8.101
09837TQ,2009,S,48.4,8.607
09899FV,2009,S,66,8.387
09775VE,2009,S,87.6,8.458
09614WX,2009,S,95.7,8.343
09658BZ,2009,S,24.3,9.09
09673HM,2009,S,77.3,7.402
09943IP,2009,S,94,7.108
09628RX,2009,S,84.2,5.835
09348FE,2009,S,89.6,7.356
09458AR,2009,S,69,8.244
09297ZI,2009,S,64.3,8.883
09627KT,2009,S,94.5,9.417
09742ZD,2009,S,91,9.786
09647DI,2009,S,81.6,7.861
09749ZC,2009,S,48.5,8.257
09856RL,2009,S,86.8,7.036
09111VT,2009,S,79.1,7.27
09191JS,2009,S,58.7,7.814
09239LZ,2009,S,91.9,6.985
09878ZZ,2009,S,67,7.622
09386DM,2009,S,69.2,7.993
09847YS,2009,S,53.8,8.418
09374XL,2009,I,75.8,7.849
09171LF,2009,I,93.9,7.735
09818LJ,2009,I,82.8,7.304
09447YK,2009,I,90.5,8.145
09361VS,2009,I,77.8,8.696
09988ZF,2009,I,76.9,9.003
09697DH,2009,I,67.3,8.499
09992NF,2009,I,91,8.188
09525YG,2009,I,94.9,3.901
09979EM,2009,I,88.6,7.585
09293UA,2009,I,59.2,8.645
09255BY,2009,I,86.7,6.601
09765OK,2009,I,93.9,7.746
09974UY,2009,I,67.8,7.471
09387IH,2009,W,89.8,7.346
09185DQ,2009,W,83.4,8.263
09328RX,2009,W,87.3,8.549
09877KD,2009,W,84.8,8.723
09335HA,2009,W,82.3,7.984
09731SX,2009,W,79.3,7.789
09494CT,2009,W,67.8,8.626
09371JB,2009,W,93.3,8.1
09763EC,2009,W,78.6,7.024
09673KB,2009,W,56.1,7.515
09715LA,2009,W,94.6,8.564
09721FJ,2009,W,80.4,8.938
09825UC,2009,W,92.9,8.008
09736YX,2009,W,78.3,8.535
09749SL,2009,W,53.9,7.847
09414BN,2009,C,82.4,7.957
09454QI,2009,C,66.3,7.27
09949DV,2009,C,34.9,7.303
09556AR,2009,C,37.6,2.163
09934QJ,2009,C,13.8,7.282
09918EG,2009,R,81.4,8.556
09233CV,2009,R,75.8,9.279
09814CB,2009,R,70.1,8.621
09352ZT,2009,R,91.8,8.985
09911EZ,2009,R,64.7,9.27
09736XC,2009,R,86.4,3.238
09436BU,2009,R,81.6,3.778
09714DQ,2009,R,71.5,5.297
09976ML,2009,R,87.2,7.432
09384TJ,2009,R,90.6,8.689
09872MD,2009,R,83.5,8.741
09337AR,2009,R,65.7,8.69
09566OW,2009,R,64.4,8.725
09796RB,2009,R,54.1,9.471
09122NH,2009,R,89.7,8.892
09761OW,2009,R,69.8,9.01
09877KR,2009,R,85.4,8.105
09563FK,2009,R,76.1,5.077
09827UE,2009,R,88.8,4.815
09411DX,2009,R,94,4.873
09453MS,2009,R,85.2,7.677
09787GA,2009,R,92.2,6.809
09554UZ,2009,R,79.8,6.228
09723EX,2009,R,80.5,3.802
09927WH,2009,R,83.8,3.779
09347OF,2009,R,66.1,7.986
09914CF,2009,R,61.3,7.735
09125AL,2009,R,91.3,8.495
09792LM,2009,R,91.8,7.944
09437VV,2009,R,84.6,7.821
09363ET,2009,R,73,8.415
09672IO,2009,R,85.9,9.217
09334LU,2009,R,64.6,9.468
09154JB,2009,R,92.5,8.721
09892YJ,2009,R,55.5,9.327
09275ZH,2009,R,71,3.766
09424RO,2009,R,66.4,6.435
09333TH,2009,R,87.2,3.731
09637ZZ,2009,R,84.8,5.949
09417PI,2009,R,63.9,6.528
09597XE,2009,R,56.6,6.496
09183XP,2009,R,62,3.798
09455GU,2009,R,62,4.709
09573RP,2009,W,87.5,2.342
09778UN,2009,W,89.4,5.711
09272PL,2009,W,89.2,5.948
09151FT,2009,W,89.2,3.137
09685ZL,2009,W,88.9,6.525
09472KY,2009,W,78.8,5.973
09838JK,2009,W,71.1,3.243
09278QI,2009,W,89,5.957
09868XB,2009,W,86.2,5.1
09881GB,2009,W,15.3,4.039
09828SL,2009,W,84.2,6.124
09671WM,2009,L,76,7.413
09869WB,2009,L,89.6,7.072
09924BQ,2009,L,70.9,7.822
09625RM,2009,L,83.9,6.415
09724NV,2009,L,64.6,6.001
09979AJ,2009,L,87.9,7.364
09869EH,2009,C,92.3,3.196
09528PA,2009,C,84.8,2.255
09941DF,2009,C,73.2,3.334
09382HX,2009,C,82.9,1.571
09799GR,2009,C,78.9,1.625
09514LS,2009,C,76.6,1.833
09356UF,2009,C,50.2,1.654
09952WG,2009,C,85,1.647
09874UY,2009,C,36.3,2.04
09133BF,2009,C,72.5,2.135
09645VL,2009,C,61.1,2.226
09157GY,2009,C,86.2,1.339
09861VX,2009,C,58.6,3.34
09614LJ,2009,C,78.2,2.958
09624PR,2009,C,87.8,1.652
09445UZ,2009,H,87.1,7.171
09927VT,2009,H,82.7,8.795
09422SL,2009,H,94.8,8.88
09778LP,2009,H,86.1,8.914
09769HW,2009,H,72.9,3.754
09921UM,2009,H,72.2,9.226
09117OX,2009,H,92.5,8.782
09715MV,2009,H,86.8,6.871
09717JP,2009,H,93.7,8.192
09617XY,2009,H,79.1,6.838
09175AK,2009,H,90.4,8.108
09273UF,2009,H,78.6,6.623
09793IW,2009,H,88.5,7.381
99776IV,1999,G,44.6,1.907
99223ZU,1999,S,93.6,8.51
99196FG,1999,G,65.1,5.631
99346XN,1999,S,55.8,8.299
99376PL,1999,G,46.5,6.035
99918DA,1999,S,95,7.016
99111NT,1999,G,69.7,4.557
99959OJ,1999,G,49.2,1.711
99549DY,1999,G,33.1,2.446
99956UB,1999,G,56.8,5.348
99891UF,1999,G,52.4,2.549
ne156PK,2000 June,G,80.4,6.182
e 234SE,2000 June ,G,16.4,4.711
ne744NC,2000 June,G,87.2,3.158
ne369YU,2000 June,G,84.9,5.787
ne689MY,2000 June,G,61.2,5.569
ne475XT,2000 June,G,18.1,4.882
ne575QO,2000 June,G,83.1,6.44
ne113KU,2000 June,G,87,4.21
ne665BU,2000 June,G,62.3,6.123
ne976DX,2000 June,G,32.7,2.778
ne676JA,2000 June,G,67.8,5.488
ne546CC,2000 June,G,65.2,3.695
ne827KG,2000 June,G,42.5,2.232
ne614TY,2000 June,G,76.5,3.775
ne171PB,2000 June,G,86,2.842
ne284TA,2000 June,G,78.3,3.23
ne431WN,2000 June,G,62.2,6.385
ne336EL,2000 June,G,51.1,6.899
ne652OZ,2000 June,G,40.7,6.894
ne339US,2000 June,A,82.6,2.726
ne428JM,2000 June,A,79.2,2.787
ne422II,2000 June,A,51.4,1.852
ne124GN,2000 June,A,86.4,2.428
ne328IX,2000 June,A,21.6,2.515
ne159DE,2000 June,A,90.1,1.984
ne969EH,2000 June,A,29.4,4.755
ne879YJ,2000 June,A,36.7,2.588
ne951HE,2000 June,A,44.2,2.092
ne869EE,2000 June,A,39.2,3.157
ne373KQ,2000 June,A,33,2.837
ne768NL,2000 June,S,86.2,2.839
ne855KH,2000 June,S,86,2.794
ne914EC,2000 June,S,85.8,2.6
ne337EM,2000 June,S,89.8,1.56
ne934VO,2000 June,S,74.4,2.222
ne969OU,2000 June,S,79,4.49
ne532DD,2000 June,S,79.2,5.582
ne627XG,2000 June,S,76.3,2.89
ne121TU,2000 June,S,91.3,2.065
ne536GE,2000 June,S,75.8,6.2
ne697MC,2000 June,S,75.6,2.437
ne919SJ,2000 June,S,69,7.51
ne852SX,2000 June,S,41.5,2.374
ne213CQ,2000 June,S,53.2,2.615
ne984PQ,2000 June,S,53.4,4.314
ne589YR,2000 June,G,59.5,4.235
ne141UM,2000 June,G,48.8,2.2
ne676JE,2000 June,G,40.8,2.399
ne453HQ,2000 June,G,63.6,5.925
ne125EJ,2000 June,W,83,5.949
ne526UK,2000 June,W,78.8,4.96
ne644LU,2000 June,W,77.4,6.252
ne816TG,2000 June,W,49.8,6.022
ne247WX,2000 June,W,40.3,6.054
ne451ME,2000 June,W,69.1,1.886
ne729IC,2000 June,W,30.6,2.695
ne959NZ,2000 June,W,46.2,2.855
ne728OV,2000 June,W,63.4,2.602
ne186OK,2000 June,W,75.8,2.093
ne615OV,2000 June,S,80.9,5.893
ne814JC,2000 June,S,73.3,5.181
ne839LF,2000 June,S,69.8,5.127
ne835LI,2000 June,S,87.3,6.698
ne349QX,2000 June,S,86,5.341
ne234CA,2000 June,S,74.7,6.573
ne513AN,2000 June,S,45.6,7.612
ne126DD,2000 June,S,36.9,2.493
ne363JR,2000 June,S,87.3,7.919
ne112CH,2000 June,S,85.5,3.018
ne391OC,2000 June,S,37.2,2.553
ne742EP,2000 June,S,41.4,2.972
ne897YJ,2000 June,S,21.4,6.218
ne139HR,2000 June,S,28,2.715
ne499RA,2000 June,S,22.4,2.702
ne414TW,2000 June,S,39.1,2.061
ne787TB,2000 June,S,31.1,2.959
ne591GF,2000 June,S,40.1,2.942
ne196EG,2000 June,S,36.5,2.336
ne758WZ,2000 June,S,33.8,2.549
ne855PQ,2000 June,S,26.2,2.488
ne642SH,2000 June,S,23.8,3.027
ne141ZJ,2000 June,S,25.8,2.495
ne743RB,2000 June,S,81.5,5.669
ne759ZN,2000 June,S,75.8,5.489
ne845WE,2000 June,S,46.6,8.191
ne586KF,2000 June,S,50.5,6.433
ne931CM,2000 June,S,83.8,2.492
ne453KA,2000 June,S,51.4,6.018
ne327SV,2000 June,S,85.9,7.07
ne338QO,2000 June,S,91.2,6.877
ne812JX,2000 June,S,89.8,7.797
ne785FJ,2000 June,S,96.1,8.044
ne324TM,2000 June,S,79.1,8.028
ne946RU,2000 June,S,95.2,8.656
ly695BU,2000 July,S,90.9,7.93
ly834KV,2000 July,S,88.9,7.9
ly632WD,2000 July,S,94.4,7.813
ly346SJ,2000 July,S,90.8,3.175
ly259AH,2000 July,S,88.9,7.155
ly348CL,2000 July,S,19.4,7.011
ly877GO,2000 July,G,65.8,2.541
ly415UM,2000 July,G,74.5,2.917
ly163ZW,2000 July,G,85.2,7.178
ly413UH,2000 July,G,68.2,6.944
ly548JC,2000 July,G,62.1,7.899
ly266ZE,2000 July,G,68.6,7.273
ly121KK,2000 July,G,37.4,5.366
ly979CP,2000 July,G,85,8.038
ly114RY,2000 July,G,57.5,7.419
ly825OR,2000 July,G,75.7,5.529
ly471XF,2000 July,G,67.1,7.28
ly628JT,2000 July,G,87.1,4.037
ly814MY,2000 July,G,54.6,5.252
ly495UY,2000 July,G,42.7,5.253
99961BG,1999,O,82.3,7.759
99265WA,1999,O,89.5,7.637
99331HT,1999,O,84.9,8.403
99269EE,1999,?,83.8,7.751
99911ZG,1999,O,76.9,8.209
99546TM,1999,O,85.3,8.057
99941WT,1999,O,75.5,8.353
99944EG,1999,?,95.7,7.374
99174WO,1999,?,74.9,7.886
99571AK,1999,?,75.6,8.239
99318FB,1999,?,82.6,7.698
99311XT,1999,?,86.6,8.048
99695JH,1999,G,65.2,5.431
99564LO,1999,G,74.8,6.005
99268LZ,1999,S,79.9,4.836
99286MD,1999,S,87.4,1.427
99767EW,1999,S,87.4,4.097
99794YW,1999,G,79.9,6.427
99561ZY,1999,G,74.3,5.137
99435PZ,1999,G,88.6,4.897
99597SJ,1999,G,87.5,5.729
99139MY,1999,S,83.4,7.754
99185AE,1999,S,82.8,7.63
99914RR,1999,S,89.7,7.399
99261IJ,1999,G,75.2,3.039
99357VF,1999,G,59.7,5.188
99276LT,1999,G,47.4,5.055
99326NW,1999,S,93.8,8.034
99659KK,1999,S,81.5,7.984
99659HJ,1999,S,61.3,8.439
99556ST,1999,S,81,6.496
99428VA,1999,S,63,8.641
99465FF,1999,S,76.4,8.666
99653JM,1999,S,70.4,8.889
01412OA,2001,G,79.7,6.342
01357EZ,2001,G,76.6,6.704
01327FI,2001,G,76.8,6.096
01556SJ,2001,G,62.3,5.688
01496GJ,2001,G,85.4,6.456
01557RB,2001,G,79.6,6.871
01793AD,2001,G,74.2,6.592
01126ZR,2001,G,63.6,5.485
01773YB,2001,G,86.2,6.624
01434GW,2001,S,84.2,1.886
01416YV,2001,S,86.4,2.517
01233UE,2001,S,82,2.393
01896EC,2001,S,88.3,2.555
01861ME,2001,S,78.7,2.216
01161OJ,2001,S,78.5,5.308
01161EI,2001,S,89.3,2.415
01785UI,2001,S,90.8,1.946
01272VN,2001,S,76.4,4.765
01349EI,2001,S,72.9,5.942
01383GR,2001,S,59.1,1.762
01666RB,2001,S,55.7,3.342
01375QU,2001,S,84.7,5.758
01147NW,2001,S,80.6,5.581
01398UF,2001,S,70.5,5.344
01596UW,2001,S,89.4,5.511
01252XW,2001,S,68.6,6.358
01579HQ,2001,S,69.1,6.654
01243NF,2001,S,62.6,5.499
01943II,2001,S,90.3,7
01117QD,2001,W,87,6.837
01884RG,2001,W,85.4,3.75
01732KC,2001,W,89.9,6.041
01778VV,2001,S,91.1,8.624
01518UX,2001,S,77.5,9.256
01373HI,2001,S,81.2,7.384
01771PQ,2001,S,84.9,9.429
01212IS,2001,S,87.1,7.856
01933HT,2001,S,85,9.056
01242RZ,2001,S,77.9,8.197
03879FS,2003,G,72.2,5.199
03695PZ,2003,G,82.6,5.572
03133RI,2003,G,78.4,5.193
03622PB,2003,G,65.1,4.821
03118GS,2003,G,59.4,5.353
03162GS,2003,G,78,5.064
03413MC,2003,G,63.1,5.308
03612WP,2003,G,90.3,3.604
03258NZ,2003,G,76.5,6.193
03892XI,2003,G,85.9,3.269
03291MF,2003,G,78.8,3.822
03739HL,2003,G,80.6,5.454
03197AF,2003,G,58.5,4.796
03122VH,2003,G,55.5,5.91
03828RJ,2003,G,55,5.802
03756ML,2003,G,48.1,5.946
03891AS,2003,G,38.8,5.478
03472YB,2003,G,36.3,4.528
03182DZ,2003,G,49.8,5.787
03415ZO,2003,G,41,6.307
03421VY,2003,G,40,6.895
03244QM,2003,G,52.7,5.534
03537BV,2003,G,58.1,3.323
03636IG,2003,G,47.7,6.126
03636RL,2003,G,42.1,5.642
03614QJ,2003,W,80.8,6.106
03534VP,2003,W,84.8,5.496
03285DT,2003,W,81.3,5.577
03846BL,2003,W,84,4.535
03178LE,2003,W,79.5,6.245
03165HD,2003,S,81,5.292
03844XD,2003,S,85.4,5.497
03976EC,2003,S,76.5,1.999
03296CF,2003,S,87.3,1.661
03823WB,2003,S,86.7,2.336
03796YR,2003,S,86.6,2.237
03918XL,2003,S,35.3,2.373
03187QJ,2003,S,56.6,2.067
03548AC,2003,S,75,6.629
03126MF,2003,S,64.5,2.858
03713UI,2003,S,84.5,2.401
03335KA,2003,S,48.4,4.168
03755PG,2003,S,88.2,1.864
03718SZ,2003,S,84.2,2.178
03247KW,2003,S,79.1,5.285
03384OG,2003,S,70.2,5.368
03436RF,2003,S,53.2,2.909
03469AN,2003,S,51.7,2.386
03767EN,2003,S,47.3,2.721
03825IU,2003,S,89.6,7.625
03858CA,2003,S,84.9,7.394
03498RF,2003,S,80.2,7.628
03996HR,2003,S,66.9,8.054
03928BS,2003,S,88.2,1.796
03591KU,2003,S,89.8,4.663
03329VV,2003,S,94.2,7.73
03418FQ,2003,S,77.9,7.71
03149FH,2003,S,95.3,8.233
03966ZU,2003,S,80.3,9.258
03829MM,2003,S,74.7,8.109
03137RX,2003,S,90,8.034
03864KH,2003,S,92.8,7.83
03832UL,2003,S,82.3,8.132
03455EU,2003,S,66.8,7.563
03187OE,2003,S,80.2,8.076
03861SH,2003,S,40.4,8.174
03382MV,2003,W,54.2,8.292
03963PD,2003,W,82,8.443
03588JY,2003,W,78.6,8.026
03182EA,2003,W,91.6,8.19
03782WC,2003,L,83.5,7.681
03583GT,2003,L,84.1,8.837
03634UR,2003,L,77.6,8.171
03659NP,2003,L,67,8.947
03645OL,2003,L,85.2,7.037
03218SB,2003,L,87.7,6.792
03292UZ,2003,L,35.9,4.946
05431RW,2005,G,55.9,4.861
05676FW,2005,G,55,5.179
05289WH,2005,G,55.3,5.199
05918HX,2005,G,56.6,4.485
05965FH,2005,G,68.9,5.125
05526QZ,2005,G,41.4,4.83
05677YY,2005,G,51.9,5.52
05322CC,2005,G,32.3,2.2
05632YO,2005,G,77.2,5.065
05821QD,2005,G,62.3,5.959
05148ZU,2005,G,58.2,4.464
05175TR,2005,G,58.8,5.185
05423RH,2005,G,46,6.351
05875YM,2005,G,65.2,5.6
05384PT,2005,G,28.3,8.42
05258LA,2005,G,28.7,7.861
05755AL,2005,G,25,5.965
05165GA,2005,G,40.7,5.677
05226ZI,2005,G,56.8,3.19
05399KG,2005,G,39.4,2.369
05674DZ,2005,G,76.3,3.018
05623HZ,2005,G,60.7,3.392
05324JI,2005,G,70.4,3.836
05466QQ,2005,G,84,2.195
05964IU,2005,G,26.4,6.887
05699TH,2005,G,70.2,2.592
05517LQ,2005,G,68.9,4.756
05375JD,2005,G,57.5,5.265
05575UU,2005,G,87.1,3.583
05939KX,2005,G,77.3,6.041
05312AB,2005,G,66.2,2.422
05964SZ,2005,G,45.2,5.779
05232WM,2005,G,61.2,5.107
05482PF,2005,G,45.2,6.071
05376CM,2005,G,24.9,6.979
05116RG,2005,G,65.4,4.04
05483ZI,2005,G,26.2,6.529
05761ZU,2005,S,82.9,5.071
05997KA,2005,S,43,2.363
05633YF,2005,S,56,1.862
05899OS,2005,S,82.9,1.637
05145KV,2005,S,46.5,3.973
05419GF,2005,S,74.7,6.031
05648TU,2005,S,82.1,1.805
05658GE,2005,S,83,1.9
05987RP,2005,S,84.6,1.939
05115QS,2005,S,85.3,1.821
05395VE,2005,S,85.4,5.242
05355JT,2005,S,49,4.18
05784VY,2005,S,32.7,2.196
05226DN,2005,S,37.7,2.398
05783WB,2005,S,33.8,5.904
05477OI,2005,S,33.4,6.435
05131SH,2005,S,33.8,2.42
05267CB,2005,S,82.3,3.138
05517WU,2005,S,92.1,2.711
05789DB,2005,S,57.9,3.778
05195OA,2005,S,20.8,7.115
05747OM,2005,S,59.2,4.678
05888SO,2005,S,71,3.869
05955ZI,2005,S,90.8,1.901
05658YK,2005,S,82.3,1.894
05415SN,2005,S,35.5,2.574
05235XL,2005,S,94.1,4.953
05974OU,2005,S,74.2,2.972
05435UQ,2005,S,79.3,2.31
05472OR,2005,S,65.4,2.749
05733NH,2005,W,81.4,6.019
05648LZ,2005,W,85,5.968
05534AS,2005,W,82.9,2.452
05614QE,2005,W,79.9,5.577
05774VS,2005,W,83.6,2.974
05281BX,2005,W,84.6,6.336
05713WE,2005,W,87.6,6.558
05624GB,2005,W,82.5,6.844
05138MD,2005,W,89.9,3.163
05312RF,2005,W,79.6,3.238
05275BC,2005,W,87.2,5.72
05159NP,2005,W,88,6.202
05495GT,2005,W,85.5,6.371
05247NT,2005,W,18.9,3.889
05187DT,2005,W,14,6.796
05355ZL,2005,B,91.7,8.728
05345XE,2005,B,81.8,8.642
05361UP,2005,B,68,8.736
05387QO,2005,B,37.8,4.948
05951HX,2005,B,94.9,8.231
05821VD,2005,B,89.1,6.923
05812JD,2005,B,25.2,8.434
05122YZ,2005,I,76.6,7.57
05666NC,2005,I,57.7,8.157
05854PN,2005,I,49.6,8.32
05372YK,2005,I,85.4,8.206
05516ES,2005,I,26.4,8.795
05329IE,2005,I,90.6,7.614
05868IF,2005,I,46.2,8.848
05236RQ,2005,I,48.5,8.249
05526ST,2005,I,61.9,6.774
05444VZ,2005,I,77.1,7.335
05184YU,2005,I,26,9.398
05753FV,2005,I,59.9,8.711
05928PD,2005,S,91.6,7.366
05743RI,2005,S,78.6,7.642
05783MV,2005,S,69,7.435
05888KR,2005,S,66.9,7.518
05763HQ,2005,S,56.2,8.048
05778GU,2005,S,55.4,8.201
05146NJ,2005,S,92.5,8.266
05179DD,2005,S,62.5,8.712
05697YM,2005,S,92.1,7.642
05586MC,2005,S,45.7,8.498
05182GT,2005,S,92.8,7.464
05813TI,2005,S,35.4,8.706
05716CS,2005,S,89.5,5.115
05467SJ,2005,S,81.5,5.596
05883HZ,2005,S,87,3.987
05577JP,2005,S,17.1,9.092
05273EW,2005,S,76.1,7.632
05883EM,2005,S,62,6.828
05126TA,2005,S,88.7,7.161
05637AM,2005,S,61.9,8.359
05193XG,2005,S,26.9,8.727
05199OC,2005,W,77.3,8.586
05951RZ,2005,W,92.9,8.092
05574VQ,2005,W,74.6,8.807
05532AV,2005,W,80.1,7.392
05153GF,2005,W,88.2,7.823
05476AW,2005,W,51.6,8.22
05433MM,2005,W,90.9,7.494
04874NX,2004,S,87.4,7.976
04763NP,2004,S,86.6,2.41
04867GM,2004,S,92.8,8.433
04951TO,2004,S,91.2,7.551
04384AR,2004,S,91.7,8.76
04165DW,2004,S,82.3,8.091
04838OB,2004,S,62.5,8.455
04423BU,2004,S,74.2,8.507
04751XJ,2004,S,71.8,8.004
04165DR,2004,S,80,8.11
04617FC,2004,S,72.7,7.693
04959RF,2004,S,80,8.476
04485SN,2004,S,71.7,8.554
04975NA,2004,S,17.2,8.423
04461AS,2004,S,90.2,8.237
04958TJ,2004,G,66.1,3.641
04843YQ,2004,G,82.4,5.252
04595YG,2004,G,75.5,4.655
04397YR,2004,G,39.3,5.843
04585VU,2004,G,60.3,5.131
04947LL,2004,G,72.7,6.599
04688KA,2004,G,75.7,2.681
04783HO,2004,G,90.3,5.923
04556DN,2004,G,58,5.379
04554IL,2004,G,72.9,5.812
04296VX,2004,G,66.5,4.893
04235UX,2004,G,66.9,2.352
04652SD,2004,G,77.2,5.511
04155YX,2004,G,80.9,5.882
04382VT,2004,G,22.6,6.343
04374DZ,2004,G,24.6,6.219
04237QV,2004,G,47,6.181
04598MI,2004,G,45.6,5.219
04666DK,2004,G,75.6,6.382
04223OX,2004,G,33.9,2.473
04986PH,2004,G,77.2,3.912
04399PM,2004,G,50.3,5.504
04699VO,2004,G,50.7,6.594
04219OH,2004,G,57.1,5.637
04132FX,2004,G,58,5.55
04272RQ,2004,G,54.2,6.116
04287TE,2004,G,39.6,6.964
04284EF,2004,G,40.3,6.337
04785UB,2004,G,54,6.203
04415RO,2004,G,58.9,6.036
04582YO,2004,G,41.2,6.237
04617CD,2004,G,58.7,6.253
04719QZ,2004,S,87.7,2.399
04949QO,2004,S,80.6,5.791
04164CM,2004,S,84.8,2.471
04877MJ,2004,S,81.1,5.59
04531HQ,2004,S,85.5,2.874
04322AI,2004,S,46.4,2.466
04748RE,2004,S,76,6.224
04327KI,2004,S,60.5,4.54
04219SC,2004,S,88.3,2.842
04952KN,2004,S,78.6,3.593
04756PP,2004,S,37.2,3.139
04997QT,2004,S,51.2,3.752
04799ZX,2004,S,36.4,2.111
04629EY,2004,S,37.2,2.635
04134NB,2004,S,86.4,2.678
04236MS,2004,S,81,5.81
04764IX,2004,S,58.5,2.573
04869FQ,2004,S,86.4,2.281
04992GX,2004,S,35.8,2.769
04672RF,2004,S,91.3,3.435
04365GG,2004,S,66.9,5.441
04954YV,2004,S,55,5.215
04256CM,2004,S,92.4,1.841
04981HP,2004,S,89.2,3.086
04266PZ,2004,S,37,2.594
04469DI,2004,S,40.3,3.296
04259CM,2004,S,38,2.75
04928TM,2004,S,36.9,2.643
04285OR,2004,S,88.9,2.429
04572CT,2004,S,80.8,2.447
04116YI,2004,S,70.4,2.855
04174MM,2004,S,84.6,2.323
04742FK,2004,S,37.8,2.285
04637WQ,2004,S,30.8,2.932
04944IG,2004,S,28.2,6.14
04185ZI,2004,S,32,2.515
04948GX,2004,S,36.5,2.081
04663GY,2004,S,44.7,1.956
04843GE,2004,S,49.5,2.875
04377RS,2004,S,52.1,2.23
04841EH,2004,S,51.4,2.442
04168JY,2004,S,54.4,1.949
04861GE,2004,S,88,6.516
04198KO,2004,S,87.3,3.725
04869EC,2004,S,83.5,6.025
04199AL,2004,S,79.5,5.552
04213DA,2004,S,74.8,2.819
04534VG,2004,S,67.6,6.703
04578YO,2004,S,73.3,1.511
04988CP,2004,S,77.4,4.357
04986DY,2004,S,64.9,3.924
04312VS,2004,S,68.6,6.619
04381QC,2004,S,60.8,7.715
04885IC,2004,S,66.8,5.705
04723EM,2004,S,64.5,5.677
04439RT,2004,W,81.7,3.381
04173ET,2004,W,81.9,5.516
04947JI,2004,W,81.1,6.535
04641RL,2004,W,84.6,6.214
04175MG,2004,W,77.5,6.519
04226CY,2004,W,89.2,6.043
04311XT,2004,W,86.9,5.836
04259JY,2004,W,88.7,6.83
04145TG,2004,W,35.6,2.41
04815BN,2004,W,83.7,3.151
04719SF,2004,W,85.5,2.753
04483XZ,2004,W,89.4,6.511
04338QF,2004,W,86.5,6.346
04645GN,2004,B,94.2,8.664
04183UA,2004,B,71.7,8.3
04656YD,2004,B,81.2,8.842
04353CI,2004,B,73.3,8.845
04345MU,2004,B,68.9,9.255
04619TG,2004,B,68.7,9.243
04613SM,2004,B,80.2,6.501
04964ZX,2004,B,39.1,5.769
04583BZ,2004,B,94.1,9.147
04423KA,2004,B,79.1,7.404
04868HN,2004,B,81.8,8.654
04682SC,2004,B,71.8,8.375
04773BN,2004,B,65.8,8.725
04469FV,2004,B,69.1,8.663
04738VE,2004,M,96.7,7.599
04328VO,2004,M,82.5,8.177
04162DY,2004,M,71.3,8.973
04715IW,2004,M,57.4,8.341
04951DT,2004,M,80,8.149
04776PS,2004,M,69.7,8.643
04212HX,2004,M,59.5,8.536
04271QN,2004,W,92.6,7.915
04993CA,2004,W,92.2,8.352
04374RQ,2004,W,76.7,7.992
04569WR,2004,W,80.7,8.583
04518XP,2004,W,92.7,8.469
04984IS,2004,W,91.5,7.836
04688MN,2004,W,91.8,8.404
04562LY,2004,W,91.7,7.853
04322SO,2004,W,71.7,7.109
04656ER,2004,W,84.7,8.498
04418UB,2004,W,70.3,7.856
07448IS,2007,W,90.6,7.671
07482IS,2007,W,81.2,7.552
07652EC,2007,W,71.9,8.343
07278HE,2007,W,63.9,8.132
07546FR,2007,W,55.6,8.567
07971LD,2007,W,87.9,7.809
07151BL,2007,W,77.4,8.292
07525KB,2007,W,80.1,6.962
07344WU,2007,W,55.4,7.935
07455AN,2007,W,91.6,7.839
07324EB,2007,W,93.2,7.699
07241XM,2007,W,95.1,8.418
07953UE,2007,I,52.1,8.662
07525MD,2007,I,49.1,8.993
07261QH,2007,I,86.7,7.239
07467IC,2007,I,52.9,8.627
07791GW,2007,I,85.8,7.004
07375RX,2007,I,67.7,7.869
07256VW,2007,I,19.4,6.877
07913TM,2007,B,93.4,8.419
07663IE,2007,B,78.8,8.6
07187GA,2007,B,76.8,8.142
07475BI,2007,B,67.2,8.69
07661ZW,2007,B,93,7.237
07665MI,2007,I,93.6,7.239
07247UE,2007,I,79.1,8.196
07575IX,2007,I,66.9,7.867
07982LY,2007,W,75.1,6.327
07265NT,2007,W,17.7,3.472
07474RB,2007,W,11.7,6.867
07949UZ,2007,W,76.9,5.528
07589NJ,2007,W,82.4,5.211
07714TY,2007,W,84.9,2.308
07934KW,2007,W,91.2,4.928
07533DO,2007,W,87.2,6.03
07517ZM,2007,W,86.8,5.645
07277YR,2007,W,75.8,1.711
07648NR,2007,W,79.1,6.091
07965SG,2007,W,78.3,6.169
07926HQ,2007,W,82.6,2.124
07521XA,2007,W,75.8,5.886
07778QA,2007,W,89,2.552
07743EO,2007,W,90.2,4.746
07345DK,2007,G,27.2,1.747
07856SM,2007,O,24.9,9.551
07651GK,2007,O,19,6.689
07253CI,2007,O,21.3,6.485
07695KO,2007,O,20.1,7.221
07615TR,2007,S,51.7,8.789
07686KZ,2007,S,93,7.595
07119TA,2007,S,84.3,8.444
07858ER,2007,S,72.4,8.012
07478IK,2007,S,69.3,8.331
07424DV,2007,S,60,8.373
07644MP,2007,S,86.6,5.767
07996TM,2007,S,87.3,2.474
07143UH,2007,S,89.9,4.942
07682RK,2007,S,92.4,8.065
07743AW,2007,S,94.5,7.847
07224OD,2007,S,91.7,6.884
07195RE,2007,S,90.1,7.323
07961ZN,2007,S,73.1,8.212
07862PL,2007,S,71.8,8.262
07226FN,2007,S,68.8,8.406
07791RU,2007,S,94.5,8.609
07439WF,2007,S,89.5,8.665
07671VF,2007,S,81.4,8.439
07324NG,2007,S,74.7,9.502
07343KP,2007,S,68.8,9.515
07629CN,2007,S,65.8,9.202
07733LB,2007,S,69.7,8.915
07626SW,2007,S,77,8.18
07492QE,2007,S,91.7,7.885
07814AU,2007,S,84.5,7.851
07136DI,2007,S,72.9,8.66
07988LE,2007,S,94.6,8.056
07221MK,2007,S,84.8,8.044
07979SE,2007,S,30.6,9.549
07477HX,2007,S,32.4,8.505
07815BG,2007,L,21,7.165
07323SO,2007,L,71.7,6.427
07877DQ,2007,L,86.6,5.455
07291HD,2007,L,91.3,7.755
07766JX,2007,L,87.5,8.108
07174XL,2007,L,79.3,7.824
07371FA,2007,C,76.4,6.625
07231WQ,2007,C,94.6,8.063
07354PL,2007,C,75.3,7.668
07478JL,2007,C,95.9,8.034
07675OP,2007,S,75,5.693
07483KT,2007,S,55.7,1.324
07779KR,2007,S,51.8,2.262
07646SQ,2007,S,85.5,5.621
07239GM,2007,S,91.6,1.098
07676MB,2007,S,89.2,1.54
07533KA,2007,S,88.5,1.253
07231LM,2007,S,67.7,1.18
07654BW,2007,S,21.7,1.753
07872SJ,2007,S,42.7,7.617
07513AB,2007,S,72.8,1.714
07344NM,2007,S,71.8,2.061
07971KX,2007,S,82.1,4.04
07696XY,2007,S,85.5,1.094
07133XK,2007,S,20.9,6.537
07421JV,2007,S,80.7,5.123
07161PJ,2007,S,89.7,1.575
07191GU,2007,G,60.3,5.211
07866TP,2007,G,28.9,2.23
07963SD,2007,G,67.4,4.948
07614GZ,2007,G,54.7,5.58
07191LU,2007,G,31.9,1.765
07845FI,2007,G,28.2,6.145
07347WA,2007,G,32.4,6.095
07217OI,2007,G,69,4.814
07981TR,2007,G,27.7,5.956
07549EI,2007,G,60,2.881
07871HX,2007,G,40.6,5.228
07816OT,2007,G,83.5,4.314
07582VM,2007,G,71.6,6.016
07626EG,2007,G,58.6,5.361
07725XI,2007,G,54.7,4.329
07551FK,2007,G,85.9,5.744
07291SY,2007,G,62.4,4.826
07488ZM,2007,G,47,1.052
07896KC,2007,I,91.5,7.395
07224WE,2007,I,25.4,8.095
07281HY,2007,I,59.4,9.489
07416KW,2007,I,65.2,7.824
07564ZC,2007,I,82.7,8.216
07156EM,2007,I,27,9.313
07352FK,2007,I,92.8,7.109
07271MM,2007,I,35.9,9.48
07662WF,2007,I,73.7,8.34
07529TS,2007,I,36.4,8.507
07974IQ,2007,I,80,7.812
07935KX,2007,I,94.8,7.508
07247SD,2007,I,79.2,7.922
07355QE,2007,I,66.8,8.631
07243UP,2007,I,65,8.743
07733RM,2007,I,52.5,8.401
07684MK,2007,I,19.3,8.857
07165FE,2007,I,79.3,6.399
07526FQ,2007,B,73.9,8.365
07496HL,2007,I,33.9,8.825
07812EE,2007,I,54.5,8.587
06331KG,2006,G,79.7,4.329
06144FV,2006,G,55.5,4.345
06543FA,2006,G,54.4,6.36
06693TY,2006,G,53.7,5.144
06169WZ,2006,G,58.7,5.121
06719NR,2006,G,86.6,3.885
06427BN,2006,G,33.8,2.731
06212RE,2006,G,60.3,2.527
06941MK,2006,G,75,4.758
06247BL,2006,S,81.5,4.985
06464EM,2006,S,38.8,2.008
06722SR,2006,S,50.7,2.345
06137DG,2006,S,73.6,6.282
06434BQ,2006,S,25.4,8.267
06281DN,2006,S,44.5,4.717
06434UR,2006,S,82.1,4.776
06651AK,2006,S,83.5,4.799
06593RR,2006,S,72.1,6.156
06782FN,2006,S,73.6,5.664
06671ZV,2006,S,80,4.441
06579SM,2006,S,63.7,4.88
06992CQ,2006,S,88.5,1.789
06314JD,2006,S,21.6,2.489
06953CI,2006,S,28.4,2.641
06578GE,2006,S,24.3,4.691
06228UQ,2006,I,55.5,8.03
06329NK,2006,I,67.9,7.547
06123HL,2006,I,83.5,6.578
06424TZ,2006,I,87.9,7.101
06946YL,2006,I,59,6.073
06912RU,2006,B,90.9,6.323
06742MF,2006,W,69.1,7.86
06734IT,2006,W,89,8.01
06174SV,2006,B,72.4,8.458
06766GU,2006,I,82,7.385
06398GZ,2006,I,93.7,6.682
06326IV,2006,B,90.3,8.077
06481NQ,2006,S,81.2,7.99
06487EC,2006,S,95.4,7.442
06748CG,2006,S,94.8,8.39
06869BG,2006,S,94,7.929
06422HL,2006,S,85.5,8.018
06744NW,2006,S,64.3,9.111
06953VX,2006,S,90.2,6.695
06811EH,2006,S,64,7.851
06216RZ,2006,S,83.8,7.229
06246RG,2006,S,92.6,7.216
06436LJ,2006,S,80.1,7.113
06592AQ,2006,S,18.8,9.443
06349TB,2006,S,64.1,7.828
06745II,2006,S,72.2,8.428
06298TP,2006,S,74.8,8.089
06541UO,2006,S,74.6,7.35
06813NY,2006,S,72.4,7.597
06866LE,2006,W,92.8,8.099
06262KS,2006,W,89.8,8.233
06962QJ,2006,W,65.1,7.695
06579BT,2006,W,82.8,2.798
06185AV,2006,W,78.2,6.069
06191YO,2006,W,80.8,3.412
06973HN,2006,G,62.7,1.609
06863EK,2006,G,78,2.547
06265VQ,2006,S,82.7,5.113
06662SB,2006,S,89,2.199
06714HI,2006,S,70.6,6.677
06894KH,2006,S,85.5,5.694
06838TN,2006,I,80.6,8.451
06865HF,2006,I,51.1,9.094
06658RL,2006,I,62,7.465
06417FV,2006,C,90.7,6.986
06386KQ,2006,C,71.3,7.041
06855UT,2006,S,91.7,7.713
06115ID,2006,S,63,6.091
06118XU,2006,S,60.7,5.627
06133ZG,2006,S,83.1,1.49
06722DP,2006,S,79.4,6.079
06894YE,2006,S,89.1,4.655
06343YD,2006,S,32.9,1.888
06252ZR,2006,S,57.2,9.025
06766BB,2006,S,82.8,8.05
06249YU,2006,G,48.8,6.038
06153QO,2006,G,56.3,5.173
06951OO,2006,S,37.7,2.336
06851VP,2006,S,45,2.145
06855LW,2006,W,63.9,8.367
06323MQ,2006,W,74,8.378
06893GH,2006,W,81.1,7.484
06337CG,2006,B,66.8,8.574
06812DV,2006,B,80.1,9.058
06253OC,2006,B,46.2,7.462
06325TD,2006,S,58.8,8.312
06277RF,2006,S,88,7.173
06449HB,2006,S,73.2,8.279
06844NT,2006,S,41.8,8.364
06537HT,2006,S,67.3,8
06466EW,2006,S,52.4,8.477
06589UG,2006,W,74.3,9.027
06423TE,2006,W,66.9,8.553
06692XL,2006,W,62.7,8.782
06254EZ,2006,W,79.6,7.933
06812YC,2006,W,67.8,8.188
06384GE,2006,W,60.7,8.735
06269JZ,2006,G,57.4,4.829
06822RF,2006,G,59,4.264
06793EB,2006,G,56.9,4.179
06199OD,2006,W,80.2,7.94
06193IW,2006,W,61,8.964
06274LY,2006,B,90,8.017
06465SP,2006,B,62.5,8.62
06712BU,2006,B,79,8.842
06919KI,2006,S,80.5,7.718
06478LR,2006,S,53.6,8.953
06628VF,2006,S,67,8.078
10934WJ,2010,G,64.8,2.283
10458TW,2010,G,46.6,2.34
10987QL,2010,G,29.8,1.211
10886RB,2010,G,63.5,3.405
10271MA,2010,G,81.4,3.051
10713RT,2010,G,44.8,3.259
10354UB,2010,G,75.2,4.892
10878OC,2010,G,41.9,3.845
10569GB,2010,G,71.3,5.261
10435TP,2010,G,85.1,2.274
10874UJ,2010,G,35.8,3.192
10611DW,2010,G,50.2,3.444
10754QX,2010,G,87.9,3.073
10114BB,2010,G,73.6,3.989
10474AI,2010,G,52.5,6.569
10587RY,2010,G,56.9,5.623
10719PU,2010,G,71.5,1.811
10941SA,2010,G,53.4,5.61
10815HB,2010,G,58.8,7.289
10467EY,2010,G,71.4,5.774
10437WS,2010,S,78.9,5.419
10664FF,2010,S,44.3,7.541
10332QR,2010,S,53.3,5.852
10662KL,2010,S,85,2.471
10321LH,2010,S,84.5,2.395
10835PH,2010,S,81.8,4.938
10859MN,2010,S,30.5,2.256
10623OB,2010,S,49.7,1.883
10291PH,2010,S,50.5,2.203
10267JB,2010,S,53.3,2.096
10988YG,2010,S,74.1,6.54
10312TM,2010,S,36.3,2.449
10544ZX,2010,S,90.1,2.423
10274TQ,2010,S,92,1.06
10993QQ,2010,S,78.2,1.791
10537QG,2010,S,58.8,2.055
10641YO,2010,S,74.9,2.069
10623HW,2010,S,-1,3.54
10615OK,2010,S,78.5,4.966
10471TS,2010,S,27.5,3.14
10367KP,2010,S,57.2,3.348
10345RL,2010,S,77.8,2.783
10325QJ,2010,S,68.3,2.267
10849JA,2010,S,77.9,2.536
10235HY,2010,S,28.8,2.536
10586EM,2010,S,88.8,6.201
10573NU,2010,S,55.7,9.036
10781XZ,2010,S,64.1,8.47
10969XF,2010,S,67.5,8.269
10823RC,2010,S,76.7,7.729
10796GA,2010,S,74.9,8.428
10211KR,2010,S,93.5,7.406
10313BE,2010,S,86.5,3.219
10552JS,2010,S,82.7,6.527
10749XL,2010,S,56.9,8.507
10764YH,2010,S,68.9,8.921
10992VO,2010,S,67.5,8.924
10813GA,2010,S,73.3,9.043
10614CR,2010,S,85.4,8.506
10747OS,2010,S,92.5,8.563
10414ZT,2010,S,91.4,8.2
10797SG,2010,S,92.7,6.402
10577MN,2010,S,63.4,8.612
10471VW,2010,S,86.4,8.167
10232PM,2010,S,60.2,8.947
10291NV,2010,S,87.8,8.359
10831LU,2010,S,93.7,8.564
10845MS,2010,S,93.7,8.467
10464GW,2010,S,46.3,8.699
10676QE,2010,S,74.7,8.369
10977CS,2010,S,39.3,9.089
10434KY,2010,S,73.5,8.181
10387TM,2010,S,75.8,7.932
10895SK,2010,S,40.6,8.903
10533YL,2010,S,69.1,8.088
10859EW,2010,S,63.8,8.257
10713RW,2010,S,42.8,8.563
10823IL,2010,S,42.6,8.97
10397VZ,2010,S,42,8.35
10186DX,2010,S,29.5,8.537
10297YT,2010,S,93.7,7.401
10431OT,2010,S,77,8.279
10832GH,2010,S,70.4,7.845
10719NS,2010,S,73.7,8.621
10648GY,2010,S,39.7,8.278
10693PR,2010,S,40.5,9.107
10776RL,2010,S,38.7,8.585
10347NI,2010,S,17.8,9.1
10795AK,2010,S,16.4,8.305
10269HP,2010,I,56.6,7.555
10511WP,2010,I,93.2,8.008
10311GH,2010,I,85.2,7.987
10986AM,2010,I,46.4,8.725
10349LC,2010,I,76.9,7.667
10194XN,2010,I,42.8,8.867
10638ZO,2010,I,83.3,8.152
10468CX,2010,I,45.5,8.67
10787CI,2010,I,81.4,7.516
10829PE,2010,I,52.2,8.196
10497YI,2010,I,56.9,8.806
10292LL,2010,I,37,9.037
10556UY,2010,I,53.8,8.696
10915ZE,2010,I,35.2,8.696
10343QN,2010,I,49.4,8.524
10394QH,2010,I,32.2,9.356
10451DV,2010,I,30.5,9.155
10945PT,2010,I,86.7,9.119
10345SW,2010,I,67,9.227
10448UF,2010,I,74.1,9.112
10638SW,2010,I,79.9,8.39
10272RC,2010,I,54.2,8.73
10141JU,2010,I,49.5,9.121
10939DY,2010,I,47.6,9.501
10485GR,2010,I,58.6,9.261
10824GH,2010,R,64.2,8.965
10723YK,2010,R,64.9,9.355
10662VT,2010,R,71.7,9.008
10332IP,2010,R,75.3,9.12
10748KE,2010,R,76.7,8.883
10884GW,2010,R,68.8,8.727
10825YM,2010,R,73.3,9.136
10792WU,2010,R,83.2,9.088
10842YY,2010,R,87.8,8.414
10297XC,2010,R,89.3,8.374
10139RB,2010,R,52.8,4.426
10361SI,2010,R,43.9,4.666
10573AO,2010,R,66.8,6.472
10367QE,2010,R,50.3,3.48
10536MI,2010,R,70.4,2.842
10775TC,2010,R,74.2,6.24
10912KA,2010,C,47.4,3.068
10365AR,2010,C,72.2,2.745
10113JF,2010,C,80.6,2.195
10319CM,2010,C,88,1.482
10726XC,2010,C,86.3,2.376
10799ER,2010,C,74.5,1.801
10363ZS,2010,C,45.4,2.216
10937GV,2010,C,63.3,2.346
10656ID,2010,C,36.9,1.939
10246MJ,2010,C,76.6,1.844
10299PY,2010,C,26.4,3.053
10675UN,2010,C,48.9,3.458
10459VV,2010,C,89.1,4.016
10975JS,2010,C,44.8,3.87
10791OG,2010,C,50.9,3.328
10116CH,2010,C,48.1,4.014
10594BO,2010,C,43.1,3.687
10979IM,2010,C,38.8,3.399
10349DB,2010,N,88.2,3.938
10296HS,2010,N,75.7,3.026
10226ND,2010,N,58.1,2.99
10355WB,2010,N,63.2,2.651
10719CG,2010,N,42.1,2.368
10792TC,2010,N,81.4,2.686
10973PF,2010,N,22.6,2.209
10727NN,2010,N,91.8,7.205
10848HA,2010,N,68.9,3.449
10835ZR,2010,N,81.4,4.927
10786UM,2010,N,87.4,2.601
10825NA,2010,N,73.8,2.77
10495HG,2010,N,32.2,2.124
10179IH,2010,N,82.8,2.762
10136QG,2010,N,90.8,7.034
10775KX,2010,W,20.8,6.931
10567SZ,2010,W,28.6,5.21
10519FS,2010,W,27.4,2.656
10968LZ,2010,W,77.4,2.589
10638DP,2010,G,63.7,7.187
10469TF,2010,G,84.9,6.367
10453QI,2010,G,72.5,8.422
10648KK,2010,G,91.4,8.292
10654OQ,2010,G,43.7,6.403
10765LS,2010,G,87.7,6.371
10213VR,2010,G,80.9,6.452
10969MW,2010,G,71.4,1.805
10526TZ,2010,G,88.2,4.881
10176GA,2010,G,86.9,2.066
10473QU,2010,G,92.8,6.098
10692FG,2010,G,85.1,6.047
10693MJ,2010,G,66.3,5.342
10517HV,2010,G,74.9,2.034
13176TD,2013,G,61.3,5.298
13984EI,2013,G,72.7,4.598
13296OR,2013,G,33.5,5.892
13699VS,2013,G,39.6,4.019
13583PN,2013,G,78.6,5.73
13142ZW,2013,G,19.6,4.146
13527BP,2013,G,34.6,4.401
13157KU,2013,G,71.7,4.456
13339AD,2013,G,80.5,3.645
13839XD,2013,G,46.6,5.629
13256AU,2013,G,71.9,5.427
13865OZ,2013,G,60,5.837
13396IC,2013,G,41.4,3.638
13963WY,2013,G,45.9,4.158
13537FT,2013,G,59.9,3.342
13295NM,2013,G,40.8,4.338
13581BS,2013,G,45.7,4.357
13227TH,2013,G,43.4,3.697
13291FU,2013,G,36.1,6.619
13459LZ,2013,G,53.1,4.206
13994YS,2013,G,58.6,3.999
13945TX,2013,G,35.4,4.172
13996PC,2013,G,28.9,5.773
13648BU,2013,G,38.3,7.316
13168FX,2013,S,50.7,2.16
13947XU,2013,S,43.5,2.696
13758ZP,2013,S,40,2.071
13972OY,2013,S,31,2.592
13867WM,2013,S,27.3,2.388
13165TP,2013,S,29.7,3.921
13999JJ,2013,S,75,1.508
13496CN,2013,S,84.7,2.295
13452GB,2013,S,79.6,5.134
13269RZ,2013,S,86.2,2.666
13123YO,2013,S,77.5,4.912
13264XF,2013,S,42.7,7.419
13215AN,2013,S,88,1.847
13246UR,2013,S,90.6,6.827
13651HX,2013,S,32.9,2.346
13451GY,2013,S,37.1,2.496
13553KY,2013,S,36.4,2.137
13415ZV,2013,S,40.4,5.502
13356XL,2013,S,78.7,2.556
13625HD,2013,S,63.4,1.986
13515GO,2013,S,43.7,2.707
13866PQ,2013,S,70.1,6.02
13535ZX,2013,S,72.6,6.02
13821SN,2013,A,34.5,3.361
13477CU,2013,A,62.3,7.05
13813CG,2013,A,55.4,7.58
13898EF,2013,A,49.5,6.815
13681BV,2013,A,51.5,2.027
13245FB,2013,A,52.6,2.232
13499BD,2013,A,60.1,2.542
13447YN,2013,A,74.1,1.964
13851GA,2013,A,36.7,3.632
13159XF,2013,G,78.7,6.646
13978QS,2013,G,81.5,7.469
13935PL,2013,G,88.7,7.284
13971UQ,2013,G,43.8,6.933
13441BR,2013,G,59.6,6.82
13692OV,2013,G,84.1,6.653
13945JM,2013,G,60.8,6.6
13468QC,2013,G,72,6.856
13297JL,2013,G,68.2,6.573
13635SK,2013,G,65.2,6.724
13645QS,2013,G,60.8,6.247
13599RY,2013,G,70,7.154
13236AM,2013,G,74.4,7.126
13445GH,2013,G,71.7,6.987
13247NY,2013,G,69.5,7.304
13572XJ,2013,G,73,3.927
13922GK,2013,G,89.8,4.033
13286OP,2013,G,67.1,2.225
13721TR,2013,G,77.7,5.33
13854DP,2013,G,46.7,8.06
13935KU,2013,G,62.9,6.662
13386ID,2013,G,81.4,5.273
13934PQ,2013,G,87,2.125
13913ON,2013,G,85.5,2.541
13982IJ,2013,G,58.9,6.855
13567YC,2013,G,86.5,7.114
13265EN,2013,G,49.1,6.267
13618YB,2013,N,64.9,3.645
13658LA,2013,N,93.6,2.857
13562GV,2013,N,85.2,3.265
13481AA,2013,N,65,2.905
13177GO,2013,N,64.7,3.656
13566QN,2013,N,62.8,3.868
13928BR,2013,N,66.1,3.707
13491MY,2013,N,28.3,3.756
13816YK,2013,N,41.2,3.659
13323ZF,2013,N,83.6,4.13
13516BK,2013,N,62.8,3.503
13529LS,2013,N,78.5,4.226
13557LD,2013,N,86.4,4.69
13311ZL,2013,N,88.3,3.192
13885UO,2013,N,81.9,2.366
13172HD,2013,N,87.4,7.454
13962NP,2013,N,48.8,2.578
13562EA,2013,N,81.7,2.647
13243GA,2013,N,65.8,2.684
13343YG,2013,N,37.7,2.938
13962XM,2013,N,79.9,3.143
13394QL,2013,N,89.2,2.772
13124EO,2013,N,62.9,3.423
13974BE,2013,N,78.6,3.425
13519IV,2013,N,79.7,3.114
13813TV,2013,N,69.8,3.474
13972OW,2013,N,62.2,3.727
13483FY,2013,N,89.5,2.83
13139RD,2013,N,82.5,2.94
13657LC,2013,N,82,3.044
13922OU,2013,N,88.8,3.595
13854OR,2013,N,36.2,2.07
13356UG,2013,N,40.1,2.553
13638SO,2013,N,39.1,4.484
13379BX,2013,N,42.7,6.2
13213RF,2013,N,46.9,5.835
13612IO,2013,N,38.9,2.841
13773CY,2013,N,39,3.442
13516WT,2013,N,74.2,3.251
13774VO,2013,N,39.6,3.737
13442VI,2013,N,70.2,6.594
13883VI,2013,N,60.8,6.416
13377NM,2013,N,63.3,7.168
13915LX,2013,N,27.4,2.879
13739AH,2013,R,93.1,8.202
13452LW,2013,R,76.2,8.62
13989DV,2013,R,53.2,3.601
13836NG,2013,R,38.8,4.953
13333WT,2013,R,60.5,4.527
13351WU,2013,R,54.1,4.326
13273HX,2013,R,83.8,3.967
13965II,2013,R,55.2,4.161
13448LX,2013,R,64.9,3.387
13718BJ,2013,R,63.8,5.573
13126UF,2013,R,48.3,4.703
13726BN,2013,R,50.9,4.926
13431ER,2013,R,52.2,5.052
13184DN,2013,R,81.3,3.84
13332VV,2013,R,50.3,3.511
13441DX,2013,R,74.6,4.705
13927EK,2013,R,36.3,4.151
13213VG,2013,W,90.6,2.389
13399RT,2013,W,79.6,5.411
13374EQ,2013,W,83.9,5.88
13347ZL,2013,W,72.2,5.725
13913OX,2013,W,71.2,2.855
13756IQ,2013,W,58.9,2.562
13335EO,2013,W,72,6.19
13913BD,2013,W,68.4,6.425
13261BG,2013,W,77.3,5.768
13148AJ,2013,W,86.3,5.894
13859NE,2013,W,82.2,5.705
13757BD,2013,W,50.2,7.661
13357FK,2013,W,61.6,6.649
13376NH,2013,W,44.3,7.231
13749ZJ,2013,S,75.1,9.047
13489DU,2013,S,86.1,8.696
13987TH,2013,S,84.3,8.21
13614XI,2013,S,89.1,7.121
13498IO,2013,S,63.1,8.39
13435RP,2013,S,63.3,8.171
13339YG,2013,S,70.7,8.343
13473XV,2013,S,78.7,7.884
13591EY,2013,S,90,7.919
13254HY,2013,S,75.9,8.106
13151YO,2013,S,93.6,8.418
13337FS,2013,S,81.5,7.618
13985ZF,2013,S,94.4,8.233
13389IU,2013,S,69.4,7.39
13888HG,2013,S,87.8,7.477
13317YC,2013,S,88.8,7.132
13394UQ,2013,S,91.8,7.181
13581IK,2013,S,90,7.662
13283FO,2013,S,83.6,7.982
13194GV,2013,S,91.6,7.8
13362TV,2013,S,85.1,5.775
13587II,2013,S,93,6.979
13797KC,2013,S,85.1,5.454
13374IY,2013,C,76.5,1.77
13174GS,2013,C,66.2,1.572
13397SI,2013,C,85.8,4.134
13899HF,2013,C,90.5,1.552
13944VJ,2013,C,59.5,3.336
13554WA,2013,C,41.2,3.444
13281AV,2013,C,72.7,3.548
13334BA,2013,C,27.6,2.932
13659NE,2013,C,47.1,3.004
13767SL,2013,C,42.7,3.449
13644UI,2013,C,87.5,1.821
13796CA,2013,C,81.2,2.101
13817XZ,2013,F,43.1,1.371
13643QK,2013,F,45.8,1.412
13597AT,2013,F,16.1,2.209
13554CP,2013,F,46.6,2.008
13549GO,2013,F,67.8,2.114
13112NL,2013,F,49.1,2.249
13898FJ,2013,F,49.7,2.439
13557RO,2013,F,81.7,2.7
13911QT,2013,F,41.9,2.213
13657ES,2013,F,57.1,1.68
13252XE,2013,F,59.4,1.634
13335ND,2013,C,91,7.942
13956FH,2013,C,74.6,7.315
13737PQ,2013,C,88.1,4.474
13847VX,2013,C,54.1,2.934
13964YL,2013,C,95.6,7.591
13598AF,2013,C,85.8,4.943
13321XA,2013,C,90.5,6.73
13128PC,2013,C,87.1,6.31
13445TE,2013,C,65.2,3.282
13128FF,2013,C,76.6,7.29
13169MJ,2013,C,72,7.343
13651UV,2013,C,86.2,8.59
13615SP,2013,S,51.7,3.41
13383BU,2013,S,81.3,8.351
13868JV,2013,S,92.5,7.798
13327PC,2013,S,34.9,1.684
13443KT,2013,S,84.1,2.446
13442PG,2013,S,32.9,2.86
13285PC,2013,S,49,5.172
13272NS,2013,S,75.2,8.26
13116WI,2013,S,69.2,8.98
13314SS,2013,S,89.3,7.58
13735KQ,2013,S,82.8,8.277
13185JI,2013,S,66.3,4.412
13611EO,2013,S,90.8,8.121
13361VV,2013,S,88.2,7.72
13645BU,2013,S,75.2,6.105
13923SV,2013,S,70.6,6.965
13582CZ,2013,S,90.3,2.42
13222HJ,2013,S,87.1,2.959
13576AA,2013,S,27.5,2.856
13282SM,2013,S,40,2.242
13397OV,2013,W,85.4,7.534
13825PH,2013,W,75,7.922
13183SV,2013,W,77.9,7.336
13699BZ,2013,W,81.5,8.403
13887MT,2013,R,59.8,3.932
13621YP,2013,R,46.6,8.452
13884EI,2013,R,64.7,5.97
13296PN,2013,R,50.8,6.152
13251NF,2013,R,43.5,6.199
13333VO,2013,R,49.5,5.838
13678CO,2013,R,54.8,5.64
13919AX,2013,R,55.6,4.924
13193NM,2013,R,55.3,5.803
13991SV,2013,R,57.5,5.988
13655QN,2013,R,38.6,3.9
13581AH,2013,R,67.5,6.782
14912HK,2014,G,91.7,8.557
14863GI,2014,G,52.3,8.22
14536YF,2014,G,53.6,7.71
14552UO,2014,G,69.4,7.339
14989RP,2014,G,78.5,6.107
14679TP,2014,R,73.5,4.221
14735HS,2014,R,49.5,4.665
14299QV,2014,R,60,6.112
14578PT,2014,R,48,3.465
14221SB,2014,R,74.4,5.119
14235YP,2014,N,75.8,3.331
14911DI,2014,N,86.1,3.102
14717JU,2014,N,72.9,3.125
14432FY,2014,S,95.2,8.494
14136MU,2014,S,61.1,9.146
14371UV,2014,S,66.2,9.419
14553MI,2014,S,73.1,9.356
14994SU,2014,S,70,8.544
14591VZ,2014,G,26.6,4.983
14637OL,2014,G,74.8,5.654
14879GX,2014,G,51.9,5.611
14623AJ,2014,G,66.3,6.47
14171VP,2014,G,65.2,6.262
14288MB,2014,G,52.7,6.39
14257VG,2014,G,58.4,5.595
14462PA,2014,G,65.5,5.34
14282OQ,2014,G,43.1,6.689
14521VO,2014,G,80.2,2.522
14255EY,2014,F,79.6,2.542
14457TX,2014,F,85.8,1.912
14616VF,2014,F,79.3,1.755
14375QK,2014,F,47.6,1.959
14127WK,2014,F,29.3,2.119
14188YM,2014,F,49.9,2.026
14844LQ,2014,N,69,3.178
14647QH,2014,N,82.3,3.709
14321BX,2014,N,84.7,2.966
14534VT,2014,C,46.6,3.455
14692ZZ,2014,C,49.9,1.733
14561IQ,2014,C,51.5,2.189
14172CQ,2014,C,57.9,1.839
14984JO,2014,C,52.9,2.389
14294ZW,2014,C,57.1,2.284
14468HM,2014,W,91.8,6.008
14728MJ,2014,W,58.1,6.556
14742MK,2014,W,75.8,5.809
14639NV,2014,W,89.5,6.104
14133IB,2014,C,80.1,2.36
14834WZ,2014,C,29.4,3.373
14211GG,2014,C,30.1,3.998
14217YO,2014,C,26.9,3.256
14424HV,2014,C,30,3.547
14854CA,2014,C,92,2.482
14223WS,2014,G,48.7,7.924
14414GY,2014,G,81.4,7.91
14885UD,2014,G,75,3.504
14465DL,2014,G,85.1,3.537
14746GU,2014,G,85.6,4.566
14145YM,2014,G,80.1,6.288
14647FJ,2014,S,67.3,8.081
14818HD,2014,S,67.8,8.678
14932UA,2014,S,72.8,8.112
14772GM,2014,S,89.9,7.908
14837AO,2014,S,84,7.777
14661CN,2014,S,82.7,7.877
14994IY,2014,R,78.3,4.901
14441QZ,2014,R,50.7,4.587
14312RZ,2014,R,84.4,3.594
14342RN,2014,R,51.6,4.394
14362LF,2014,R,81.8,2.816
14117RW,2014,R,74.8,6.81
14188PW,2014,C,53.3,6.459
14649OX,2014,C,52.7,6.38
14137HL,2014,S,44.7,2.516
14265HR,2014,S,46,2.621
14758CF,2014,S,50.7,2.238
14869GR,2014,S,77.2,1.472
14832WE,2014,S,40.3,3.27
14667RS,2014,S,71.3,6.502
14264VF,2014,S,43.1,7.107
14688TU,2014,S,76.6,5.352
14361FK,2014,S,33.4,2.183
14649NL,2014,S,85.2,2.466
14511YX,2014,C,59.6,6.119
14298IQ,2014,C,14.4,7.617
14914XQ,2014,C,82.8,3.604
14951YD,2014,R,72,8.752
14869WA,2014,R,75,8.849
14636TZ,2014,R,79.6,9.29
14762JB,2014,R,56.9,3.446
14123XB,2014,R,49.1,4.783
14774WC,2014,S,90,2.398
14691IM,2014,S,82.9,1.545
14684JT,2014,S,85.6,2.617
14991DG,2014,S,89.8,2.501
14416OJ,2014,S,77.8,5.179
14398XA,2014,S,78.1,5.09
14519AF,2014,S,50.5,2.308
14243AX,2014,N,87.4,3.29
14257VN,2014,N,78.3,3.333
14222SN,2014,N,77.9,3.768
14235FM,2014,N,40.3,3.677
14589IX,2014,N,81.1,3.169
14146FH,2014,N,83,3.361
14987VK,2014,N,89.1,3.155
14172LZ,2014,A,49.2,2.572
14814HW,2014,A,51.6,1.996
14191LZ,2014,A,73.9,2.529
14862UF,2014,A,52.6,2.755
14513ZB,2014,A,38.1,3.977
14836RY,2014,A,42.6,3.826
14514IL,2014,A,36.7,3.466
14939LD,2014,A,51,8.501
14922EE,2014,A,42.7,2.577
14631ON,2014,A,64.1,2.242
14159BN,2014,C,61.5,7.615
14592SZ,2014,C,54,6.637
14326BY,2014,C,92.4,6.643
14912XC,2014,C,80.5,5.056
14289TE,2014,N,84.3,7.462
14671FY,2014,N,35.4,5.189
14255FS,2014,N,53.2,5.542
14979QT,2014,N,67.4,5.102
14248UP,2014,N,76.9,3.721
14996AP,2014,I,55.3,3.5
14341BM,2014,I,83.5,3.131
14471ZS,2014,I,51.3,4.404
14426YL,2014,R,70.6,8.903
14647DS,2014,R,78,8.317
14629BD,2014,R,67.3,8.803
14485UI,2014,R,68.9,9.261
14817SH,2014,R,77.1,8.72
14779VF,2014,R,54.1,4.279
14542JS,2014,R,81.7,4.381
14287KQ,2014,R,68.6,8.527
14633TL,2014,R,55.2,4.34
14654GK,2014,R,59.4,4.126
14656GV,2014,R,43.6,4.263
14218QO,2014,R,47.9,3.264
14373OV,2014,R,59.5,3.806
14331OY,2014,R,50.7,5.771
14826RM,2014,R,51.7,4.515
14152TT,2014,C,28.6,2.177
14624CR,2014,R,55.7,4.467
15545RN,2015,S,82,7.11
15765JG,2015,N,69.2,3.87
15148OD,2015,S,89,1.899
15838ZC,2015,S,80.7,4.904
15676NX,2015,S,79.3,2.324
15359VH,2015,S,86.6,2.289
15371UT,2015,S,78.4,5.381
15232AQ,2015,R,86.7,7.075
15543DG,2015,R,90.1,2.586
15239NV,2015,R,88.1,7.679
15597TN,2015,R,55.3,5.689
15899AU,2015,R,46.2,4.099
15381LO,2015,N,87.5,4.047
15588OT,2015,N,63.9,3.336
15819JK,2015,N,44.8,2.874
15171UY,2015,G,64.5,3.364
15987VV,2015,G,20.5,2.406
15729TF,2015,N,74.7,3.381
15713ZZ,2015,N,76.8,3.348
15231TU,2015,N,72.2,3.21
15287MB,2015,N,75,3.211
15952OY,2015,N,65.4,2.922
15221LK,2015,N,60.2,2.833
15923IX,2015,N,59.2,2.837
15117AG,2015,N,79.7,3.905
15456NP,2015,G,39.6,7.089
15471FV,2015,G,33.4,5.539
15848RV,2015,N,49.6,2.924
15478PW,2015,N,75,4.253
15723ST,2015,N,61.9,3.526
15683HS,2015,G,33.8,3.356
15746NE,2015,G,59.8,8.085
15423YH,2015,C,41.3,4.263
15818RU,2015,C,80.1,8.099
15628AF,2015,C,44.6,7.279
15495AD,2015,C,87.3,7.84
15482ZP,2015,C,68.5,8.088
15972NP,2015,W,79.1,7.156
15665PP,2015,W,86.4,8.637
15156AG,2015,W,78.2,7.448
15832SY,2015,W,72.5,8.065
15227PI,2015,G,79.8,4.262
15675GP,2015,G,81.6,4.008
15246NG,2015,G,78.6,3.472
15169MY,2015,G,78.4,3.549
15348PU,2015,G,40.9,4.596
15814DZ,2015,G,37.6,3.621
15538FL,2015,G,37.3,6.716
15221XS,2015,G,64,3.189
15854OP,2015,N,76.7,4.71
15226YC,2015,N,66.8,3.984
15927CI,2015,N,78.4,2.435
15316OH,2015,N,23.6,3.677
15927LA,2015,N,82.7,3.186
15178HA,2015,N,58.7,3.764
15432NC,2015,S,95.9,8.137
15977IS,2015,S,91.4,7.114
15187YB,2015,S,94.4,8.109
15943IQ,2015,S,81.5,7.766
15213UC,2015,S,89.1,7.562
15955LP,2015,W,80.1,7.19
15512DQ,2015,W,73.1,8.951
15122AX,2015,W,75.5,7.022
15556HZ,2015,W,85.4,8.466
13823UN,2013,P,18.6,3.257
13638IS,2013,P,20.5,3.654
13353UY,2013,P,19.1,3.94
13443KS,2013,P,24.2,2.691
13553HB,2013,P,19.7,2.607
13362GU,2013,P,26.3,6.382
13748YQ,2013,P,22.4,6.339
13692QN,2013,P,17.8,6.622
13629CI,2013,P,22.2,6.01
13768HM,2013,P,13.3,4.471
13829IL,2013,P,18.2,4.124
13671AT,2013,P,17.4,4.742
13596LL,2013,P,21.2,3.174
13743WG,2013,P,19.1,2.935
13891BM,2013,P,20.7,2.864
13167JC,2013,P,17.6,3.109
13551JC,2013,P,22.8,3.599
13526PR,2013,P,18.4,3.621
14344ZQ,2014,P,12.7,1.799
14237UI,2014,P,8,4.717
14716IP,2014,P,19.6,6.368
14427IS,2014,P,12.8,3.072
13374FV,2013,G,83.9,6.812
13318TW,2013,G,76,7.957
13559DL,2013,G,50.1,7.242
13554UH,2013,G,37.9,5.547
13392UT,2013,G,83.7,6.508
13238FQ,2013,G,88.7,6.598
14981MN,2014,W,23.9,8.9
14124XL,2014,W,27.5,11.7
14345SL,2014,W,21.7,10.043
14718JZ,2014,Q,25.4,11.908
14999ZH,2014,Q,22.4,8.679
14426NV,2014,Q,20.5,9.819
14422WT,2014,Q,20.1,11.053
14342RY,2014,W,27.1,11.563
14637XD,2014,W,20.4,9.559
14462TP,2014,W,29.4,11.305
14514TE,2014,F,27.4,11.868
14577DV,2014,F,26.1,11.012
14157HL,2014,F,21.4,11.421
14829QW,2014,F,21.9,7.892
14671XP,2014,F,25.9,10.933
14379OO,2014,F,23.5,11.119
14738RS,2014,F,26.2,11.4
14819SR,2014,A,28.7,11.216
14443FR,2014,A,24.7,11.594
14944MW,2014,A,31,11.117
14453TT,2014,S,27.8,8.095
14368YC,2014,S,26.3,8.509
14687DE,2014,S,25.3,9.277
14828NR,2014,S,26.7,11.148
14726DJ,2014,S,31.6,11.063
14898LN,2014,S,27.9,11.713
14945JM,2014,S,32.1,11.681
14426IW,2014,S,33.6,10.918
14335IM,2014,S,25.7,11.95
14889CJ,2014,S,25.4,11.834
12435WC,2012,F,20.8,12.064
12451EZ,2012,F,30.9,10.865
12113XA,2012,F,31.1,11.025
12859MD,2012,F,26,11.628
12972WK,2012,Q,27.7,11.588
12925OG,2012,Q,25.3,11.032
12961DV,2012,Q,31,11.691
12613CJ,2012,F,28.6,11.497
12823NS,2012,F,25.8,11.08
12412CJ,2012,F,29.5,11.477
12346OJ,2012,F,28.8,10.991
12492ZT,2012,Q,22.3,10.128
12353XR,2012,Q,24.5,8.853
12485PZ,2012,S,34.1,11.633
12482AG,2012,S,26.2,7.833
12321CM,2012,S,27,10.371
12844HV,2012,S,31.1,11.326
12548ZK,2012,S,30.7,11.407
12969FB,2012,S,34.1,10.877
12988TR,2012,S,21.7,11.437
12511YX,2012,S,31.4,11.663
12199KQ,2012,A,33.8,11.467
12926TO,2012,A,29.1,10.914
12594OW,2012,N,23.8,9.715
12384DO,2012,N,29.5,11.5
12341RF,2012,N,35.1,10.519
12594RV,2012,N,26,10.408
12479VE,2012,N,32.7,10.673
12692DP,2012,W,30,7.947
12243AY,2012,W,28.5,9.649
12581UI,2012,A,37.7,10.96
12272RR,2012,A,37.7,11.739
12977UN,2012,W,30.7,9.303
10283EI,2010,M,34.4,10.857
10413KW,2010,M,30.9,11.524
10848ZW,2010,M,24.5,9.514
10832FM,2010,M,25.6,8.1
10454OQ,2010,M,25.5,10.093
10732UM,2010,F,23.8,11.463
10321LS,2010,F,25.5,11.808
10626OZ,2010,F,30.2,11.463
10749KY,2010,F,26.4,11.435
10568VK,2010,F,27.4,11.665
10747WZ,2010,F,21.4,11.64
10158YM,2010,F,22.1,11.689
10964RB,2010,F,20.5,12.082
10214CF,2010,F,28.4,12.096
10954KA,2010,Q,20,11.305
10956SO,2010,Q,23.6,9.992
10268XZ,2010,Q,23.7,11.768
10654LK,2010,Q,21.8,11.531
10655KL,2010,Q,23.3,9.822
10356GP,2010,Q,22.8,8.774
10938HM,2010,A,30.5,11.809
10914AX,2010,A,25.7,11.804
10657BF,2010,A,15.7,11.384
10881XD,2010,A,31.6,11.459
10685RB,2010,A,16.7,11.605
10517VJ,2010,A,22.3,12.374
10278LC,2010,A,35.8,10.734
10533UE,2010,A,40.5,10.667
10457MS,2010,A,30.9,8.298
10478NG,2010,S,35.4,11.341
10627HF,2010,S,34.6,11.163
10941BT,2010,S,33,11.812
10341TH,2010,S,33.1,11.254
10891UI,2010,S,26.4,10.343
10828WI,2010,S,29.6,10.319
10313WP,2010,S,27.7,7.535
10422HE,2010,S,22.4,8.779
10543EY,2010,S,17,11.439
10146VW,2010,S,31.9,11.591
10193EQ,2010,S,17.9,11.678
10125HJ,2010,E,23,11.505
10963QM,2010,E,18.5,8.543
10833DZ,2010,S,33,6.774
10275CD,2010,S,32.9,7.766
10448OA,2010,S,31.8,8.925
10675NP,2010,R,36.7,10.432
09252AQ,2009,F,28.9,11.132
09341RP,2009,F,26.6,11.696
09978BC,2009,F,19.7,11.562
09433SJ,2009,F,17.1,12.276
09852JH,2009,D,27.9,12.198
09798FM,2009,D,28.9,11.798
09435HH,2009,D,22.8,11.311
09478NV,2009,D,19.7,11.572
09856XD,2009,Q,19.8,10.561
09899DA,2009,Q,16.6,11.763
09826XO,2009,Q,22.7,12.209
09966BA,2009,W,19.6,9.76
09122EG,2009,W,29.8,11.506
09216XZ,2009,W,21.4,9.117
09911NM,2009,Q,15.7,11.647
09916YH,2009,Q,22.3,8.639
09962RF,2009,Q,26.8,8.877
09518ZV,2009,M,29.4,11.548
09247BW,2009,M,26.1,8.514
09291XC,2009,M,29.8,10.928
09184NB,2009,W,21.8,8.344
09936GE,2009,S,28.5,11.18
09599SI,2009,S,18.8,10.972
09866FN,2009,S,18.5,8.482
09726XQ,2009,S,20.8,11.178
09643RI,2009,S,36.1,11.576
09479WE,2009,S,24.8,8.378
09526YS,2009,S,27.7,11.082
09769UP,2009,S,28.2,11.048
11812EA,2011,?,71.8,6.021
11367QV,2011,?,78.6,5.429
11845VX,2011,?,91.6,4.788
11127CG,2011,?,14.4,3.191
11447KF,2011,?,84.3,6.768
11519VC,2011,?,92.3,2.826
11418XH,2011,?,92.7,5.665
11658HN,2011,?,67.1,6.936
11924KB,2011,?,50.3,6.76
11541II,2011,?,52.8,7.798
11176EX,2011,H,89.6,7.977
11681FZ,2011,H,93.8,6.676
11396PI,2011,H,99.2,7.645
11375MJ,2011,H,89.2,7.646
11397EK,2011,H,94.3,5.412
11559VU,2011,H,62.8,5.026
11369TS,2011,F,93.6,8.037
11558VU,2011,F,95.9,8.325
11676XG,2011,F,93.8,8.418
11444ER,2011,F,67.5,8.296
11329KL,2011,F,81.8,8.388
11224OX,2011,F,79.6,8.975
11685WD,2011,F,93.5,8.367
11564RB,2011,K,92.6,6.55
11968FU,2011,K,50.2,2.325
11313YU,2011,K,80.7,3.617
11187SB,2011,K,96.5,2.916
11742UR,2011,N,70.9,9.724
11774HE,2011,N,86.3,9.571
15416OK,2015,A,10,7.979
15757DN,2015,A,6.2,7.33
15461NP,2015,V,8.6,6.55
15798YA,2015,V,7.8,5.909
15926QR,2015,V,6.4,7.065
15551SB,2015,V,10.8,6.888
15225TR,2015,V,5.3,8.264
15821LP,2015,R,13.4,6.331
15981MJ,2015,R,9.9,8.372
15371II,2015,R,13.5,7.466
15644KR,2015,J,10.4,6.866
15716EE,2015,J,8.4,7.265
15674FN,2015,J,8.5,9.384
15567NL,2015,J,7.5,5.636
15766HT,2015,J,9.4,7.319
15268OF,2015,J,10.2,7.164
15491IK,2015,J,6.8,7.707
15366CF,2015,J,6.8,7.073
15666YT,2015,J,5,8.654
