Sample,Eh
01117QD,0.6595
01126ZR,-0.0341
01147NW,-0.0103
01161EI,1.0069
01161OJ,-0.0386
01212IS,-0.0406
01233UE,1.1009
01242RZ,0.0255
01243NF,-0.0224
01252XW,0.0247
01272VN,0.04
01327FI,0.0302
01349EI,-0.0389
01357EZ,0.0381
01373HI,0.0327
01375QU,-0.0244
01383GR,1.0976
01398UF,0.0258
01412OA,-0.0113
01416YV,0.9459
01434GW,1.0446
01496GJ,-0.0071
01518UX,-0.0007
01556SJ,0.005
01557RB,0.0421
01579HQ,-0.0319
01596UW,0.0014
01666RB,1.0273
01732KC,0.7114
01771PQ,-0.0425
01773YB,-0.03
01778VV,-0.0181
01785UI,1.0195
01793AD,0.0145
01861ME,1.034
01884RG,0.9608
01896EC,1.0784
01933HT,0.025
01943II,0.0051
03118GS,0.0298
03122VH,0.7905
03126MF,0.9489
03133RI,0.0112
03137RX,0.5187
03149FH,-0.0093
03162GS,-0.0126
03165HD,0.0178
03178LE,-0.022
03182DZ,0.7583
03182EA,-0.0186
03187OE,0.5244
03187QJ,1.0226
03197AF,-0.0085
03218SB,0.0358
03244QM,0.7765
03247KW,-0.0108
03258NZ,0.0034
03285DT,0.0288
03291MF,0.8927
03292UZ,0.8071
03296CF,1.0625
03329VV,-0.0249
03335KA,0.9392
03382MV,0.0204
03384OG,-0.0367
03413MC,0.0077
03415ZO,0.7426
03418FQ,-0.0347
03421VY,0.7342
03436RF,0.9725
03455EU,0.6002
03469AN,0.974
03472YB,0.827
03498RF,-0.0107
03534VP,0.7464
03537BV,0.8825
03548AC,-0.0422
03583GT,-0.013
03588JY,-0.0312
03591KU,-0.0008
03612WP,0.8171
03614QJ,0.0234
03622PB,0.0459
03634UR,-0.0213
03636IG,0.7823
03636RL,0.7841
03645OL,0.035
03659NP,-0.0445
03695PZ,-0.0378
03713UI,1.0015
03718SZ,1.0136
03739HL,-0.0059
03755PG,1.0068
03756ML,0.717
03767EN,0.9789
03782WC,-0.0361
03796YR,1.0744
03823WB,0.9797
03825IU,0.0408
03828RJ,0.7377
03829MM,-0.0356
03832UL,0.5309
03844XD,-0.0332
03846BL,0.8634
03858CA,0.0308
03861SH,0.5841
03864KH,0.5377
03879FS,0.859
03891AS,0.7636
03892XI,0.9098
03918XL,1.0583
03928BS,0.987
03963PD,0.0037
03966ZU,0.0145
03976EC,1.0811
03996HR,0.0361
04116YI,0.9395
04132FX,0.7629
04134NB,1.0027
04145TG,1.0123
04155YX,-0.0356
04162DY,0.5052
04164CM,1.0623
04165DR,0.5898
04165DW,0.5337
04168JY,0.9901
04173ET,-0.049
04174MM,0.8682
04175MG,-0.0176
04183UA,0.0316
04185ZI,1.0373
04198KO,0.8755
04199AL,0.0131
04212HX,0.5577
04213DA,0.9689
04219OH,0.8012
04219SC,0.9796
04223OX,0.9181
04226CY,0.7303
04235UX,0.9296
04236MS,-0.0253
04237QV,0.7177
04256CM,0.974
04259CM,0.9525
04259JY,0.6103
04266PZ,0.9804
04271QN,0.0153
04272RQ,0.7784
04284EF,0.7051
04285OR,0.884
04287TE,0.6922
04296VX,0.9112
04311XT,0.6877
04312VS,0.7119
04322AI,0.9686
04322SO,0.6521
04327KI,0.8698
04328VO,0.5063
04338QF,0.6257
04345MU,-0.0308
04353CI,0.0022
04365GG,0.7458
04374DZ,0.7234
04374RQ,0.0189
04377RS,0.9986
04381QC,0.6167
04382VT,0.7617
04384AR,-0.0493
04397YR,0.8905
04399PM,0.7804
04415RO,0.7534
04418UB,0.5241
04423BU,0.5738
04423KA,0.6051
04439RT,1.0092
04461AS,0.579
04469DI,0.9813
04469FV,0.4711
04483XZ,0.6479
04485SN,0.5021
04518XP,0.4589
04531HQ,1.0438
04534VG,0.0403
04554IL,-0.0014
04556DN,0.043
04562LY,0.5333
04569WR,0.5244
04572CT,0.9743
04578YO,0.9737
04582YO,0.716
04583BZ,0.4898
04585VU,0.0331
04595YG,0.0165
04598MI,0.8009
04613SM,-0.0043
04617CD,0.742
04617FC,0.5711
04619TG,-0.035
04629EY,1.0695
04637WQ,0.9939
04641RL,0.0477
04645GN,-0.0226
04652SD,0.0327
04656ER,0.4564
04656YD,0.0241
04663GY,0.9772
04666DK,-0.0123
04672RF,0.9091
04682SC,0.5032
04688KA,0.9547
04688MN,0.4431
04699VO,0.7414
04715IW,0.526
04719QZ,1.0382
04719SF,0.8866
04723EM,0.7159
04738VE,0.5552
04742FK,0.9442
04748RE,-0.0077
04751XJ,0.5053
04756PP,0.9928
04763NP,0.9002
04764IX,1.0307
04773BN,0.4946
04776PS,0.5526
04783HO,0.0235
04785UB,0.7061
04799ZX,1.0336
04815BN,0.9311
04838OB,0.5921
04841EH,0.9385
04843GE,1.0085
04843YQ,0.0481
04861GE,0.0174
04867GM,0.0299
04868HN,0.4624
04869EC,0.0494
04869FQ,0.9832
04874NX,0.021
04877MJ,-0.0206
04885IC,0.6997
04928TM,0.9217
04944IG,0.7879
04947JI,-0.0134
04947LL,0.0307
04948GX,0.9615
04949QO,0.0111
04951DT,0.5479
04951TO,0.0118
04952KN,0.8355
04954YV,0.8227
04958TJ,0.9737
04959RF,0.4495
04964ZX,0.726
04975NA,0.6919
04981HP,0.8765
04984IS,0.5926
04986DY,0.8653
04986PH,0.8561
04988CP,0.8157
04992GX,0.9579
04993CA,-0.0255
04997QT,0.9446
05115QS,1.0226
05116RG,0.8516
05122YZ,0.6816
05126TA,0.6075
05131SH,1.031
05138MD,0.8986
05145KV,0.9353
05146NJ,0.4916
05148ZU,0.8838
05153GF,0.5698
05159NP,0.6627
05165GA,0.7694
05175TR,0.8403
05179DD,0.477
05182GT,0.4956
05184YU,0.5948
05187DT,0.7577
05193XG,0.6433
05195OA,0.6973
05199OC,0.5992
05226DN,0.9822
05226ZI,0.878
05232WM,0.8201
05235XL,0.7503
05236RQ,0.6205
05247NT,0.891
05258LA,0.6736
05267CB,0.8371
05273EW,0.601
05275BC,0.7321
05281BX,0.6321
05289WH,0.8833
05312AB,0.9402
05312RF,0.9097
05322CC,1.0895
05324JI,0.9022
05329IE,0.57
05345XE,0.6194
05355JT,0.8823
05355ZL,0.5462
05361UP,0.6089
05372YK,0.5145
05375JD,0.7774
05376CM,0.7938
05384PT,0.6575
05387QO,0.7899
05395VE,0.6846
05399KG,0.9364
05415SN,1.0243
05419GF,0.7644
05423RH,0.8131
05431RW,0.8357
05433MM,0.5846
05435UQ,0.9044
05444VZ,0.6012
05466QQ,0.9715
05467SJ,0.7365
05472OR,0.9474
05476AW,0.6505
05477OI,0.79
05482PF,0.7652
05483ZI,0.7244
05495GT,0.6442
05516ES,0.6283
05517LQ,0.8036
05517WU,0.9535
05526QZ,0.948
05526ST,0.7084
05532AV,0.5846
05534AS,1.0317
05574VQ,0.5256
05575UU,0.8636
05577JP,0.6591
05586MC,0.626
05614QE,0.698
05623HZ,0.9503
05624GB,0.6647
05632YO,0.9101
05633YF,1.0646
05637AM,0.5414
05648LZ,0.759
05648TU,0.9216
05658GE,0.9721
05658YK,0.9302
05666NC,0.6515
05674DZ,0.9732
05676FW,0.8057
05677YY,0.865
05697YM,0.547
05699TH,0.9402
05713WE,0.7054
05716CS,0.788
05733NH,0.7284
05743RI,0.6935
05747OM,0.8711
05753FV,0.5334
05755AL,0.7732
05761ZU,0.8289
05763HQ,0.6235
05774VS,0.9343
05778GU,0.7021
05783MV,0.6121
05783WB,0.804
05784VY,0.948
05789DB,0.9211
05812JD,0.5939
05813TI,0.5495
05821QD,0.7534
05821VD,0.6404
05854PN,0.6942
05868IF,0.606
05875YM,0.7834
05883EM,0.7
05883HZ,0.883
05888KR,0.6448
05888SO,0.8788
05899OS,0.9855
05918HX,0.879
05928PD,0.6527
05939KX,0.7349
05951HX,0.5455
05951RZ,0.5517
05955ZI,0.9783
05964IU,0.7521
05964SZ,0.7832
05965FH,0.86
05974OU,0.9318
05987RP,0.9918
05997KA,1.0558
06115ID,0.807
06118XU,0.6886
06123HL,0.5868
06133ZG,0.97
06137DG,0.77
06144FV,0.8261
06153QO,0.8059
06169WZ,0.8432
06174SV,0.562
06185AV,0.7841
06191YO,1.0186
06193IW,0.0489
06199OD,-0.0246
06212RE,0.9419
06216RZ,0.6094
06228UQ,0.5537
06246RG,0.6004
06247BL,0.7442
06249YU,0.7284
06252ZR,0.5272
06253OC,0.5942
06254EZ,0.5196
06262KS,0.5852
06265VQ,0.8222
06269JZ,0.8401
06274LY,0.0301
06277RF,0.6079
06281DN,0.7965
06298TP,0.6257
06314JD,1.0606
06323MQ,0.5733
06325TD,0.5577
06326IV,0.5515
06329NK,0.6159
06331KG,0.745
06337CG,0.5453
06343YD,1.0009
06349TB,0.6106
06384GE,0.5931
06386KQ,0.774
06398GZ,0.724
06417FV,0.6323
06422HL,0.6639
06423TE,0.5367
06424TZ,0.6502
06427BN,0.9996
06434BQ,0.6941
06434UR,0.7696
06436LJ,0.5749
06449HB,0.5595
06464EM,1.0233
06465SP,-0.0338
06466EW,0.539
06478LR,0.548
06481NQ,0.598
06487EC,0.6464
06537HT,0.5471
06541UO,0.6221
06543FA,0.8344
06578GE,0.8086
06579BT,1.0223
06579SM,0.7573
06589UG,0.495
06592AQ,0.5977
06593RR,0.6821
06628VF,0.5982
06651AK,0.7332
06658RL,0.5842
06662SB,1.0216
06671ZV,0.7899
06692XL,0.5353
06693TY,0.921
06712BU,0.5215
06714HI,0.64
06719NR,0.9063
06722DP,0.7108
06722SR,1.0699
06734IT,0.5842
06742MF,0.6854
06744NW,0.0413
06745II,0.6305
06748CG,0.6373
06766BB,0.4968
06766GU,0.6499
06782FN,0.7536
06793EB,0.8622
06811EH,0.6107
06812DV,0.5627
06812YC,0.5789
06813NY,0.6826
06822RF,0.7748
06838TN,0.5674
06844NT,0.5485
06851VP,0.9627
06855LW,0.5593
06855UT,0.6737
06863EK,0.9244
06865HF,0.5445
06866LE,0.5946
06869BG,0.6292
06893GH,0.57
06894KH,0.6896
06894YE,0.815
06912RU,0.6535
06919KI,0.5419
06941MK,0.7578
06946YL,0.7113
06951OO,1.0347
06953CI,1.0177
06953VX,-0.0052
06962QJ,0.6284
06973HN,0.995
06992CQ,1.0266
07119TA,0.664
07133XK,0.7524
07136DI,0.5872
07143UH,0.7568
07151BL,0.5373
07156EM,0.5917
07161PJ,1.1227
07165FE,0.6364
07174XL,0.5051
07187GA,0.6053
07191GU,0.7554
07191LU,1.0192
07195RE,0.5804
07217OI,0.8236
07221MK,0.5545
07224OD,0.5983
07224WE,0.6323
07226FN,0.5386
07231LM,1.0581
07231WQ,0.5074
07239GM,0.9832
07241XM,0.5125
07243UP,0.6753
07247SD,0.6235
07247UE,0.5937
07253CI,0.7317
07256VW,0.7307
07261QH,0.5878
07265NT,1.0068
07271MM,0.5835
07277YR,0.9974
07278HE,0.6561
07281HY,0.4651
07291HD,0.516
07291SY,0.8683
07323SO,0.7736
07324EB,0.6063
07324NG,0.6118
07343KP,0.5964
07344NM,1.0352
07344WU,0.6176
07345DK,1.0366
07347WA,0.801
07352FK,0.5171
07354PL,0.5141
07355QE,0.6851
07371FA,0.6536
07375RX,0.5869
07416KW,0.5974
07421JV,0.8961
07424DV,0.6547
07439WF,0.5254
07448IS,0.6462
07455AN,0.5138
07467IC,0.5277
07474RB,0.7376
07475BI,0.6277
07477HX,0.5858
07478IK,0.6137
07478JL,0.4671
07482IS,0.6055
07483KT,1.0986
07488ZM,1.0851
07492QE,0.5296
07496HL,0.5995
07513AB,1.0176
07517ZM,0.7088
07521XA,0.687
07525KB,0.591
07525MD,0.5324
07526FQ,0.5758
07529TS,0.6868
07533DO,0.7205
07533KA,1.1313
07546FR,0.7075
07549EI,0.9483
07551FK,0.8465
07564ZC,0.526
07575IX,0.5194
07582VM,0.7542
07589NJ,0.7283
07614GZ,0.7289
07615TR,0.6164
07626EG,0.7989
07626SW,0.5355
07629CN,0.6155
07644MP,0.7232
07646SQ,0.7798
07648NR,0.7126
07651GK,0.7292
07652EC,0.6474
07654BW,1.0579
07661ZW,0.7207
07662WF,0.5531
07663IE,0.5769
07665MI,0.5674
07671VF,0.5612
07675OP,0.7515
07676MB,0.9973
07682RK,0.5386
07684MK,0.6073
07686KZ,0.6022
07695KO,0.7296
07696XY,1.0285
07714TY,0.9292
07725XI,0.971
07733LB,0.4947
07733RM,0.6148
07743AW,0.5141
07743EO,0.7633
07766JX,0.5512
07778QA,0.9552
07779KR,1.1191
07791GW,0.5605
07791RU,0.5276
07812EE,0.5353
07814AU,0.5935
07815BG,0.7313
07816OT,0.9122
07845FI,0.7178
07856SM,0.5655
07858ER,0.6223
07862PL,0.5164
07866TP,1.0274
07871HX,0.8381
07872SJ,0.7157
07877DQ,0.782
07896KC,0.5248
07913TM,0.6442
07926HQ,1.0138
07934KW,0.7943
07935KX,0.6598
07949UZ,0.7855
07953UE,0.5861
07961ZN,0.523
07963SD,0.9105
07965SG,0.6906
07971KX,0.8246
07971LD,0.5496
07974IQ,0.5386
07979SE,0.6249
07981TR,0.7349
07982LY,0.6942
07988LE,0.5796
07996TM,0.9502
08117MZ,0.4662
08121QR,0.4728
08122OK,1.0008
08131QH,0.6328
08135KQ,0.799
08143LF,0.7312
08143LS,0.63
08145HC,0.7955
08148RH,0.5191
08167CV,0.0299
08182CN,0.4765
08188SB,0.9534
08211YM,0.5938
08213VU,0.7148
08218KA,0.5437
08218SO,0.612
08221WZ,0.7102
08227EK,0.5833
08243JM,0.534
08245JG,0.0321
08246MG,0.0245
08252GX,0.8783
08252LO,0.6127
08256RK,0.7074
08256RL,-0.02
08258RN,0.6129
08264YC,0.9404
08279FN,0.4978
08284CP,0.5612
08292JF,0.9516
08295VC,0.5679
08311TF,0.9408
08313EW,0.5271
08314LE,0.0073
08319UR,0.534
08323BQ,0.0269
08328ZX,0.7935
08333HJ,0.4943
08351PE,0.633
08353YB,0.8967
08354BE,0.5028
08355SY,0.5577
08364MV,0.5574
08365GB,0.0441
08368XI,0.6091
08369OR,0.5895
08373CF,0.9993
08385PC,-0.0312
08392EN,0.7337
08411RL,-0.0324
08412BH,0.9192
08412UI,0.9558
08415IT,0.5416
08418ZV,0.5587
08419OR,0.0475
08421UE,1.0409
08431KB,0.4927
08433SY,0.4864
08437EM,0.7319
08437RU,0.5941
08441AV,0.5757
08442QM,-0.0251
08445QK,0.9152
08448MY,-0.0015
08452FB,0.7277
08452WZ,0.7283
08453DN,0.518
08456TJ,0.7658
08458UY,0.6058
08461QM,0.6105
08464VD,0.5198
08466ZR,-0.0218
08471TL,0.665
08472YC,0.9053
08479DA,0.5989
08482RP,0.903
08484UF,-0.0341
08497AC,0.5095
08497DF,0.5516
08499MO,0.5878
08499ZP,0.9223
08512BO,0.5978
08513LX,0.581
08527ZQ,0.0043
08528NC,0.5388
08531XU,0.5191
08532RT,0.5366
08536VP,0.9626
08545QM,0.9383
08549JN,-0.0156
08551IZ,-0.0327
08565PL,0.7654
08565RD,0.5399
08572ZU,0.5285
08573MV,0.0489
08573VM,0.9697
08576RQ,0.9434
08586RQ,0.4638
08591CV,0.8601
08593JH,0.6198
08594SM,0.5701
08597NB,0.5634
08613DP,-0.0234
08613HQ,0.028
08613TK,0.8819
08613ZE,0.8059
08614VF,0.9954
08615GY,0.0379
08618ZD,0.0309
08625QS,0.9379
08629HC,0.6084
08632CF,0.0207
08634AQ,0.9082
08641LA,0.4726
08646NS,0.5622
08648IM,0.586
08651NO,0.565
08658JK,0.7312
08659CQ,0.944
08664HI,-0.0263
08666CI,0.0066
08675IU,0.5733
08681KP,0.0286
08683ID,0.6814
08683RY,0.5041
08683UR,0.7971
08684QQ,0.5251
08692LC,-0.0306
08692OB,0.8607
08695VU,0.522
08696MC,-0.0159
08698OI,0.5984
08713BS,0.8477
08713RB,1.0091
08728EV,0.751
08731PG,0.5852
08737WU,0.9968
08758BO,0.4933
08774NL,0.6387
08785QN,0.8755
08787JK,0.7748
08788DG,0.8904
08791GO,0.5916
08799BU,-0.0335
08821KP,0.7238
08827AZ,0.9926
08832AB,0.9734
08838ZT,0.5324
08839MX,0.0208
08842GF,0.7733
08842SA,0.565
08849KO,0.5694
08858NF,0.9183
08858QV,0.4982
08868DS,0.7704
08885OF,0.5491
08896GW,0.4914
08924CD,0.9013
08944PC,1.035
08947NP,0.5223
08954CA,0.9731
08967HG,0.7771
08971QU,0.5
08992OJ,0.9108
08993QK,0.0215
08994GH,0.5838
08998NQ,0.4811
09111VT,0.7027
09117OX,0.4458
09122EG,0.0442
09122NH,0.4266
09124YZ,0.8303
09125AL,0.5535
09133BF,1.0071
09133VJ,0.6063
09144KC,0.8081
09151FT,0.9469
09154JB,0.4374
09155HW,0.0134
09157GY,0.9864
09171LF,0.6879
09175AK,0.5772
09176ND,1.0636
09183XP,0.9712
09184NB,0.6473
09185DQ,0.6637
09191JS,0.6548
09199DY,0.5422
09211EF,1.0566
09211IZ,0.8125
09216XZ,0.6609
09218PP,0.9857
09219FO,1.0307
09229QO,0.7266
09233CV,0.59
09237WH,0.8513
09239LZ,0.5679
09245HH,0.9215
09247BW,0.6108
09252AQ,-0.047
09253WM,1.0926
09255BY,0.6164
09255VI,0.9997
09259DK,0.6927
09268OX,0.7328
09272PL,0.7128
09273UF,0.7609
09275ZH,0.892
09278QI,0.6565
09284GZ,0.6408
09287YD,0.8193
09291XC,-0.0215
09292UM,0.8163
09293UA,0.5973
09297ZI,0.6598
09298SY,0.7786
09299HW,0.8292
09328RX,0.6227
09331ZP,0.7361
09332EL,0.8711
09333TH,0.9238
09334LU,0.0249
09335HA,0.4772
09336BT,1.1038
09337AR,0.5771
09341RP,0.0493
09346LD,0.9841
09346OQ,0.7365
09347OF,0.6928
09348FE,0.5397
09352IM,0.8816
09352ZT,0.5748
09356UF,1.0027
09361VS,0.5505
09363ET,0.5031
09368AL,0.6012
09368SY,-0.0072
09371JB,0.5645
09374XL,0.59
09379OT,0.8752
09382HX,0.9724
09384TJ,0.4337
09386DM,0.5952
09387IH,0.6075
09388SM,0.964
09395CH,1.0955
09396SV,0.8729
09397UT,0.6372
09411DX,0.7184
09411UJ,0.9298
09414BN,0.6134
09417PI,0.6633
09419CD,0.8692
09422SL,0.4596
09424RO,0.635
09426JU,0.6823
09433SJ,-0.0226
09435HH,-0.0305
09436BU,0.9025
09437QB,0.6398
09437VV,0.633
09443KD,0.9608
09445MX,0.786
09445UZ,0.6419
09447LG,1.0605
09447TH,0.7035
09447YK,0.4576
09453MS,0.5966
09454QI,0.6564
09455GU,0.7797
09458AR,0.538
09461ZO,0.9419
09472KY,0.7198
09478NV,-0.0033
09478WH,0.7643
09479WE,0.6928
09485SP,0.7967
09494CT,0.5592
09497XK,0.7697
09514LS,1.0092
09517JD,0.5896
09518ZV,-0.0073
09525YG,0.7575
09526YS,0.0001
09528PA,0.9488
09536ON,0.874
09554UZ,0.6574
09556AR,1.0366
09563FK,0.806
09566OW,0.5041
09573RP,0.9517
09576GF,0.8111
09597LO,0.9586
09597XE,0.6738
09599SI,-0.027
09614LJ,0.8697
09614WX,0.4585
09617XY,0.6134
09624PR,1.0078
09625RM,0.7424
09627KT,0.5197
09628RX,0.7198
09637ZZ,0.6589
09642FD,0.9586
09643RI,-0.0455
09644LK,0.8769
09645VL,0.9737
09647DI,0.63
09651KY,1.0761
09658BZ,0.62
09667UT,0.7528
09671WM,0.6823
09672IO,0.5651
09673HM,0.6281
09673JP,0.8068
09673KB,0.6124
09682UR,1.0821
09685ZL,0.6444
09691XN,0.7405
09697DH,0.5919
09698FX,0.7482
09714CG,0.7416
09714DQ,0.7034
09714IY,0.8566
09715LA,0.4512
09715MV,0.5976
09717JP,0.5559
09721FJ,0.5682
09721GH,0.8313
09723EX,0.8386
09724NV,0.7627
09726XQ,0.0357
09731SX,0.5395
09736XC,0.9281
09736YX,0.5275
09742ZD,0.4373
09749SL,0.5999
09749ZC,0.6627
09756VU,1.0008
09761OW,0.5269
09763EC,0.6473
09765OK,0.6008
09767KS,0.0238
09769BH,0.8347
09769HW,0.9011
09769UP,0.0104
09774QA,0.9033
09775VE,0.5927
09778LP,0.457
09778UN,0.6666
09787GA,0.7557
09788AI,0.9669
09792LM,0.5384
09793IW,-0.0465
09796RB,0.511
09798FM,0.0329
09799GR,0.9644
09814CB,0.485
09818LJ,0.7584
09822XW,0.9509
09825UC,0.5293
09826XO,-0.0298
09827UE,0.8093
09828SL,0.6548
09834EG,0.8363
09837TQ,0.6216
09838JK,0.908
09843OQ,0.9087
09847YS,0.546
09852JH,0.0285
09856RL,0.5855
09856XD,0.0392
09861VX,0.871
09863GV,0.8216
09866FN,0.6729
09867OP,0.9892
09868XB,0.7897
09869EH,0.9082
09869WB,0.6156
09872MD,0.6143
09874UY,0.9681
09877KD,-0.0098
09877KR,0.5684
09878ZZ,0.6198
09881GB,0.9198
09881GK,0.662
09892YJ,0.5323
09899DA,-0.0233
09899FV,0.5892
09911EZ,0.5021
09911NM,-0.0187
09911TY,0.8094
09914CF,0.705
09915HB,0.6033
09915TP,0.7413
09916OQ,1.0511
09916YH,0.6471
09918EG,0.5422
09921UM,0.5594
09924BQ,0.6084
09927VT,0.5468
09927WH,0.8238
09928XQ,0.6128
09934QJ,0.7601
09936GE,0.0322
09941DF,0.8771
09943DO,0.9545
09943IP,0.5513
09949DV,0.7862
09952WG,0.9566
09962RF,0.6498
09966BA,0.629
09974UY,0.5709
09976LR,0.7536
09976ML,0.5501
09978BC,0.0346
09979AJ,0.6304
09979EM,0.5616
09986OZ,0.752
09988KE,0.6927
09988PW,1.0439
09988ZF,0.4732
09992NF,0.4767
10113JF,1.0248
10114BB,0.8573
10116CH,0.9419
10125HJ,0.041
10136QG,0.6291
10139RB,0.9184
10141JU,0.6101
10146VW,0.0364
10158YM,-0.0484
10176GA,0.9502
10179IH,0.9323
10186DX,0.7056
10193EQ,-0.038
10194XN,0.5649
10211KR,0.631
10213VR,0.7225
10214CF,-0.0299
10226ND,1.0221
10232PM,0.5048
10235HY,1.046
10246MJ,1.0231
10267JB,1.0312
10268XZ,-0.0164
10269HP,0.7131
10271MA,0.9998
10272RC,0.5953
10274TQ,0.9906
10275CD,0.6293
10278LC,0.0301
10283EI,0.0046
10291NV,0.4433
10291PH,1.0007
10292LL,0.7019
10296HS,0.9358
10297XC,0.5843
10297YT,0.5202
10299PY,0.9586
10311GH,0.6786
10312TM,0.925
10313BE,0.8931
10313WP,0.6723
10319CM,1.0115
10321LH,0.9495
10321LS,0.0087
10325QJ,1.0822
10332IP,0.4931
10332QR,0.8641
10341TH,0.0203
10343QN,0.6836
10345RL,0.9748
10345SW,0.5838
10347NI,0.6319
10349DB,0.9123
10349LC,0.5358
10354UB,0.8914
10355WB,0.9881
10356GP,0.6581
10361SI,0.8965
10363ZS,1.0908
10365AR,0.8675
10367KP,0.8905
10367QE,1.055
10387TM,0.5653
10394QH,0.6707
10397VZ,0.7185
10413KW,-0.0113
10414ZT,0.5588
10422HE,0.5974
10431OT,0.6466
10434KY,0.5925
10435TP,0.9609
10437WS,0.8812
10448OA,0.5411
10448UF,0.5299
10451DV,0.5754
10453QI,0.6012
10454OQ,-0.0422
10457MS,0.6126
10458TW,1.0312
10459VV,0.9354
10464GW,0.6257
10467EY,0.7391
10468CX,0.6281
10469TF,0.7772
10471TS,1.0005
10471VW,0.5097
10473QU,0.639
10474AI,0.7067
10478NG,0.0238
10485GR,0.5094
10495HG,1.0377
10497YI,0.6738
10511WP,0.5263
10517HV,0.9418
10517VJ,0.0038
10519FS,1.0114
10526TZ,0.7094
10533UE,-0.0387
10533YL,0.5905
10536MI,0.9656
10537QG,0.9687
10543EY,0.0038
10544ZX,0.9779
10552JS,0.6201
10556UY,0.6336
10567SZ,0.8539
10568VK,0.0337
10569GB,0.8341
10573AO,0.7498
10573NU,0.6639
10577MN,0.6122
10586EM,0.6931
10587RY,0.7931
10594BO,1.0222
10611DW,0.9428
10614CR,0.5646
10615OK,0.7672
10623HW,0.8979
10623OB,1.0024
10626OZ,0.0365
10627HF,-0.0488
10638DP,0.7348
10638SW,0.5974
10638ZO,0.6796
10641YO,0.9795
10648GY,0.6565
10648KK,0.5915
10654LK,0.0258
10654OQ,0.8401
10655KL,-0.0063
10656ID,1.005
10657BF,-0.0091
10662KL,1.0343
10662VT,0.5044
10664FF,0.7041
10675NP,-0.0284
10675UN,0.9097
10676QE,0.641
10685RB,0.0289
10692FG,0.6968
10693MJ,0.7893
10693PR,0.7005
10713RT,0.999
10713RW,0.6719
10719CG,1.049
10719NS,0.6236
10719PU,0.9726
10723YK,0.5196
10726XC,1.0216
10727NN,0.7168
10732UM,0.0303
10747OS,0.4792
10747WZ,-0.0183
10748KE,0.6116
10749KY,0.0236
10749XL,0.6314
10754QX,0.8784
10764YH,0.6408
10765LS,0.716
10775KX,0.8208
10775TC,0.736
10776RL,0.6544
10781XZ,0.6911
10786UM,0.9841
10787CI,0.5843
10791OG,0.9336
10792TC,0.9428
10792WU,0.5248
10795AK,0.6838
10796GA,0.6739
10797SG,0.6014
10799ER,1.033
10813GA,0.5913
10815HB,0.6224
10823IL,0.7165
10823RC,0.6589
10824GH,0.6226
10825NA,0.9831
10825YM,0.5084
10828WI,0.0463
10829PE,0.544
10831LU,0.5116
10832FM,0.6504
10832GH,0.6467
10833DZ,0.7279
10835PH,0.7567
10835ZR,0.813
10842YY,0.4977
10845MS,0.539
10848HA,1.0253
10848ZW,0.6015
10849JA,1.021
10859EW,0.5717
10859MN,1.1173
10874UJ,0.9822
10878OC,1.0022
10881XD,0.0388
10884GW,0.6
10886RB,0.9781
10891UI,0.0009
10895SK,0.6458
10912KA,1.026
10914AX,0.014
10915ZE,0.649
10934WJ,1.0459
10937GV,1.1103
10938HM,0.0287
10939DY,0.6565
10941BT,-0.0111
10941SA,0.7908
10945PT,0.4478
10954KA,0.0417
10956SO,0.5284
10963QM,0.6704
10964RB,0.0409
10968LZ,0.9251
10969MW,0.9866
10969XF,0.6887
10973PF,1.0331
10975JS,0.9928
10977CS,0.6215
10979IM,0.916
10986AM,0.5772
10987QL,1.0062
10988YG,0.7518
10992VO,0.6356
10993QQ,1.0325
11111RP,0.9935
11115PE,0.994
11116EB,0.4918
11119OH,1.0135
11122MX,0.7279
11127CG,0.9046
11128AZ,0.4947
11131VI,0.4457
11135ZI,0.5806
11137QO,0.9663
11141CX,0.7314
11143TA,0.5613
11148IX,0.9719
11152LD,1.0623
11155ZJ,0.483
11156CZ,0.4654
11157MM,0.9288
11163UY,0.7535
11168TK,0.7002
11169OD,0.6229
11169UE,0.878
11176EX,0.654
11182ZO,0.5694
11183CK,0.5658
11184DQ,0.9048
11185DR,0.6993
11187SB,0.9749
11193HI,0.9774
11198BS,0.8943
11213HD,0.7819
11217QM,0.8092
11224OX,0.6314
11225IU,0.5267
11226SF,0.7664
11233LD,0.5571
11241JP,1.0136
11241SX,0.7132
11243HZ,0.9026
11244GA,0.8697
11244QA,0.8032
11246SN,1.0061
11257AP,0.8099
11261XT,0.9873
11268KL,1.0168
11271ZU,0.709
11276IW,0.9698
11276ZX,0.819
11285YK,0.5292
11286BO,0.8104
11291DV,0.8775
11295JE,0.5744
11312DN,0.9585
11313YU,0.972
11314IY,0.872
11316CL,0.8327
11316TE,0.7259
11316UJ,0.8908
11322RA,1.0405
11329CV,0.9211
11329KL,0.6062
11329ON,0.8151
11331QV,0.8492
11342VS,0.9175
11346EF,0.9141
11351HL,0.9489
11359AF,0.7665
11362DW,1.0024
11362HE,1.0257
11367KY,0.7373
11367QV,0.7906
11369TS,0.5474
11373EJ,0.9222
11374MH,0.916
11375MJ,0.6667
11376JZ,0.5578
11381TR,0.8314
11383PV,0.5655
11388EI,0.9494
11389QU,0.8254
11392YF,0.498
11396PI,0.7039
11397EK,0.7571
11411DP,0.5402
11417TJ,0.8978
11418XH,0.7526
11419XR,1.0374
11421NL,0.5195
11422QL,1.0859
11424HL,1.0632
11431JS,0.9983
11434KM,0.9236
11435IQ,0.749
11438WR,0.6899
11444ER,0.653
11444LX,0.9511
11447KF,0.6263
11449ES,0.9631
11449GB,0.6123
11449TC,0.5605
11458JE,0.7951
11458MB,0.9473
11459BK,0.9206
11462LO,0.8558
11467DS,0.7017
11468CP,0.5556
11468ER,0.7855
11471UP,0.9654
11472GP,0.6215
11475SW,0.742
11476XN,0.963
11477FN,0.7326
11483JM,0.9055
11484CC,0.556
11488MG,0.6123
11489KU,0.7071
11489ND,0.8796
11495QZ,0.5943
11512VK,0.4873
11513NJ,0.7245
11514KW,0.5978
11515AF,0.9245
11517SR,0.955
11519VC,1.0064
11532MI,1.0837
11539EV,0.756
11541II,0.7474
11551HA,0.7939
11551XV,0.9817
11554LF,0.5884
11558VU,0.5425
11559CP,0.5568
11559VU,0.819
11561ZL,0.7033
11564RB,0.6699
11569ON,1.0027
11583KA,0.9875
11593ZF,0.5333
11595ZB,0.7661
11611ZI,0.6076
11614XJ,1.0299
11619VN,1.0065
11624DA,1.0471
11627PJ,1.0492
11628PZ,0.9662
11631JQ,0.8369
11633GY,0.9604
11637CB,0.9006
11637MF,0.8756
11642IY,1.0515
11651XY,0.9257
11652GG,1.0418
11652UU,0.449
11655GZ,0.5909
11655KH,0.9185
11656IX,0.8455
11658HN,0.7782
11658SU,0.7265
11659YH,0.7358
11666BS,0.6292
11667DV,0.9415
11669QY,0.9724
11675FE,0.6673
11676XG,0.5335
11679PJ,0.8679
11679XW,0.9681
11681FZ,0.643
11684CE,1.0488
11685AC,0.9815
11685WD,0.5981
11686RG,0.462
11686UP,0.9389
11688XM,0.5017
11697VX,0.8957
11698NW,0.9609
11699NZ,0.7922
11711BQ,0.8444
11713GQ,1.0144
11722IS,0.8359
11724TC,0.4763
11728GQ,0.9276
11728QX,0.6859
11736RS,0.9145
11742UR,0.5301
11748SA,0.5583
11751LJ,0.8472
11758AM,0.7923
11759KB,0.9368
11764LQ,0.9466
11765GL,1.0752
11769YO,1.0376
11773FU,0.8001
11774CF,0.5658
11774FQ,0.7631
11774HE,0.4061
11783JY,0.8228
11786RI,0.9365
11787JY,0.9682
11791QL,0.952
11792IV,0.6101
11793QB,0.9138
11796SC,1.0134
11812EA,0.8385
11814FY,0.6723
11823MC,0.8416
11828DZ,0.7606
11828JF,1.0447
11828LO,0.7624
11828YN,0.6466
11829KO,1.061
11833KC,0.8754
11835BB,0.9394
11843GP,0.9663
11845VX,0.7728
11849HX,0.8024
11855KS,0.8069
11856MB,0.9719
11872VK,0.6993
11877JT,0.8311
11878HH,0.9705
11881RL,1.0114
11891DB,0.6888
11892BI,0.9494
11898TG,0.793
11912VW,0.8933
11915UH,0.7556
11915ZJ,0.7345
11917JP,1.0367
11917KP,0.7269
11924KB,0.7862
11929RI,0.7334
11932SO,0.9044
11934JI,0.9501
11935RW,0.7171
11937ZL,1.0994
11938OU,1.0549
11939MO,0.8378
11942CS,0.9697
11948RO,0.7201
11949FW,0.9783
11949TP,0.6847
11952MI,0.8799
11952OB,0.8902
11959DU,0.6219
11959PP,1.0123
11968FU,1.0947
11971YV,0.5392
11974CW,0.6375
11976GY,0.7815
11979PH,0.9325
11988RK,1.0069
11993VG,0.5709
11994UX,0.5249
11996SB,0.9416
11998ZB,0.9148
12111XU,0.9708
12113XA,0.0065
12131LS,0.5928
12136EN,0.8512
12138ZR,0.6681
12141WK,0.5219
12142WW,0.7577
12146JG,0.6365
12146SH,0.4681
12149KD,1.0979
12151ID,0.5634
12152YZ,0.6726
12155EI,1.0842
12155XM,0.8074
12155ZZ,1.0599
12156JL,0.6383
12158QS,0.59
12158TV,0.8299
12163MX,1.0547
12169KJ,1.0608
12172HR,1.0548
12173IC,1.0219
12173TS,1.0627
12174BE,0.9936
12176MM,0.7962
12176PH,0.7377
12176RO,0.6023
12176SJ,0.8468
12177JD,0.6726
12182RH,0.6199
12182SP,0.9009
12185YE,0.8437
12198GA,1.0262
12198QR,1.0052
12199KQ,-0.009
12199US,0.8179
12212QT,1.0343
12213VE,0.6508
12215LR,0.5146
12217EN,0.8454
12218CZ,0.9493
12218XQ,0.7614
12221DM,0.939
12235FO,0.712
12238WN,1.0057
12243AY,0.5716
12249TO,1.0222
12253YM,0.9908
12254XP,0.7016
12258RA,0.533
12262ZX,0.5833
12265VO,0.8302
12272RR,0.0089
12273LN,0.5737
12273XK,1.0048
12299EX,0.9623
12311HU,0.7417
12312LT,1.0085
12313LP,1.0772
12316TZ,0.5825
12319GV,0.7105
12321CM,-0.0193
12325QV,0.7751
12326QN,1.0425
12328MR,0.9446
12333RO,0.7848
12341RF,0.0285
12342ZO,0.6334
12343BS,0.5819
12346OJ,-0.0346
12347OU,0.7386
12348RM,0.6125
12349CW,1.0989
12351EF,0.5666
12351RJ,0.7469
12352KC,0.8912
12353XR,0.6659
12361NV,0.7488
12363JG,1.0888
12367IF,0.7413
12369GJ,0.4917
12369QP,1.0423
12374EF,1.0315
12375JI,0.7427
12375QG,0.8928
12377MK,0.8044
12384DO,0.0067
12392WM,0.6365
12396ZU,0.6089
12412CJ,-0.0116
12419CS,0.9726
12423LZ,0.9907
12425RG,0.4751
12426CT,0.5004
12431TP,0.6012
12431YC,0.9928
12432DO,0.5672
12435IP,0.8868
12435WC,0.0321
12437NX,0.4836
12437YW,0.8801
12445OL,0.8524
12451EZ,-0.0345
12454GK,1.0033
12455EZ,0.8808
12458EU,0.9712
12464BL,0.5072
12467MH,0.9821
12472XM,0.9562
12475MI,0.8917
12479VE,-0.0169
12481PG,0.9671
12481WW,0.853
12482AG,0.7989
12485PZ,0.0125
12486ET,0.9456
12487CE,0.5683
12489FW,0.8431
12492ZT,0.6439
12494RW,1.0299
12511YX,0.0342
12521BO,0.8328
12524KZ,0.9242
12524XT,1.0411
12525YO,0.9653
12534WP,0.6832
12536CX,1.0018
12539XX,0.7052
12544BS,0.9674
12548ZK,-0.0188
12555GX,0.5843
12555TR,0.7218
12567AN,1.0905
12567PU,0.7887
12567RO,1.0045
12576OO,1.0747
12577IC,0.9276
12578YP,0.9833
12581UI,0.0456
12588RQ,0.5106
12591AR,0.8106
12591ML,1.0281
12593UL,0.9675
12594OW,-0.0493
12594RV,0.0398
12596PX,1.0944
12598PS,0.5388
12613CJ,-0.0048
12615DT,1.0616
12626RX,0.9746
12627MS,0.6412
12631MC,0.4917
12644PY,1.0754
12644WN,0.7221
12651TU,1.0332
12659OD,0.9898
12662FI,0.7642
12663LM,0.5616
12663VX,0.7281
12668XE,1.1028
12684DP,1.0465
12692DP,0.682
12694OW,0.9301
12699LW,0.5516
12711KW,0.6346
12711YL,0.8276
12712VN,0.6242
12714JS,1.0376
12715WJ,0.5104
12716WE,0.7468
12717JC,0.54
12717ZS,1.0301
12719UM,0.5782
12723PL,1.0109
12723YL,0.7738
12733YF,0.5702
12734OU,0.7186
12739WJ,0.7034
12744DT,0.9736
12745PT,0.94
12749IE,0.9298
12754ZH,0.7787
12756PI,0.5025
12762SJ,1.0766
12764JT,0.8406
12766CZ,0.7406
12769FO,0.869
12774HZ,1.0347
12774YX,0.8453
12778LX,1.0364
12783ES,0.7485
12789XI,0.9111
12797NG,0.9399
12799WY,0.5566
12814TH,0.9499
12815PA,0.6891
12818PO,0.9262
12823NS,-0.0206
12829OF,0.9508
12832JW,0.8003
12833TF,1.0046
12835PO,0.926
12838IC,1.0591
12841OO,0.6336
12843FM,0.7438
12844FS,0.5637
12844HV,-0.0242
12844RW,0.7757
12844XL,1.0441
12847YR,0.5571
12852VC,0.5287
12854BB,0.729
12856ZU,0.6719
12857GS,0.9913
12859MD,0.0026
12872ZJ,0.7497
12873PC,0.8071
12883TL,0.9962
12884KZ,0.9787
12885QE,0.6428
12893BX,0.548
12895GP,0.9863
12899WR,0.633
12913JP,0.9324
12913NV,0.9266
12913ZI,1.0691
12923PL,1.0405
12924EZ,1.0424
12924RV,0.6958
12925OG,0.0033
12926TO,-0.0043
12928FA,1.0492
12933OM,0.7088
12939NG,0.8817
12941WU,1.1025
12942LB,0.6589
12951WD,0.775
12951ZP,0.8703
12955YB,0.7922
12957YM,0.571
12959ZE,0.6929
12961DV,0.0318
12966EG,0.773
12969FB,-0.0092
12972WA,0.5531
12972WK,0.045
12977UN,0.6025
12978ZO,1.0319
12982XB,0.749
12988TR,-0.014
12996PW,0.6827
12999WY,0.6865
13112NL,1.0381
13116WI,0.549
13123YO,0.8216
13124EO,1.0296
13126UF,0.9299
13128FF,0.6159
13128PC,0.661
13139RD,0.9411
13142ZW,0.9011
13148AJ,0.7025
13151YO,0.5726
13157KU,0.8721
13159XF,0.6512
13165TP,0.9612
13167JC,1.071
13168FX,1.028
13169MJ,0.6738
13172HD,0.6603
13174GS,1.0386
13176TD,0.8041
13177GO,0.9914
13183SV,0.6348
13184DN,0.9114
13185JI,0.7973
13193NM,0.7633
13194GV,0.5653
13213RF,0.7563
13213VG,1.029
13215AN,1.0668
13222HJ,0.9416
13227TH,0.9223
13236AM,0.6372
13238FQ,0.7054
13243GA,1.0421
13245FB,1.0628
13246UR,0.6458
13247NY,0.6843
13251NF,0.7392
13252XE,0.9374
13254HY,0.6432
13256AU,0.7682
13261BG,0.7588
13264XF,0.731
13265EN,0.7095
13269RZ,0.9855
13272NS,0.5309
13273HX,0.978
13281AV,0.8621
13282SM,1.0411
13283FO,0.5618
13285PC,0.8181
13286OP,1.0417
13291FU,0.7732
13295NM,0.9526
13296OR,0.8187
13296PN,0.7627
13297JL,0.7082
13311ZL,1.0245
13314SS,0.5621
13317YC,0.608
13318TW,0.7021
13321XA,0.5979
13323ZF,0.8373
13327PC,1.0663
13332VV,1.0039
13333VO,0.7374
13333WT,0.8896
13334BA,0.933
13335EO,0.7717
13335ND,0.5323
13337FS,0.6312
13339AD,0.8884
13339YG,0.6257
13343YG,1.014
13347ZL,0.8191
13351WU,0.9144
13353UY,1.0215
13356UG,1.0417
13356XL,0.9259
13357FK,0.6308
13361VV,0.6062
13362GU,0.8186
13362TV,0.6503
13374EQ,0.733
13374FV,0.672
13374IY,1.0403
13376NH,0.6799
13377NM,0.6895
13379BX,0.7756
13383BU,0.5806
13386ID,0.7596
13389IU,0.6486
13392UT,0.7403
13394QL,0.9504
13394UQ,0.6604
13396IC,0.9173
13397OV,0.602
13397SI,0.9101
13399RT,0.8328
13415ZV,0.7223
13431ER,0.8027
13435RP,0.5956
13441BR,0.7294
13441DX,0.8593
13442PG,1.0119
13442VI,0.7155
13443KS,1.0656
13443KT,0.9195
13445GH,0.6162
13445TE,0.9289
13447YN,1.0059
13448LX,0.9057
13451GY,0.968
13452GB,0.8203
13452LW,0.6216
13459LZ,0.9245
13468QC,0.6822
13473XV,0.6597
13477CU,0.7731
13481AA,0.9549
13483FY,0.9976
13489DU,0.4754
13491MY,0.8942
13496CN,1.0301
13498IO,0.6427
13499BD,1.0144
13515GO,0.957
13516BK,0.9186
13516WT,0.8765
13519IV,0.9668
13526PR,1.0542
13527BP,0.8399
13529LS,0.8271
13535ZX,0.6723
13537FT,0.8921
13549GO,1.0714
13551JC,1.0685
13553HB,1.0372
13553KY,0.9311
13554CP,1.0635
13554UH,0.7972
13554WA,0.9931
13557LD,0.8031
13557RO,0.9547
13559DL,0.7377
13562EA,1.0029
13562GV,0.9763
13566QN,1.0061
13567YC,0.599
13572XJ,0.9765
13576AA,1.0457
13581AH,0.6711
13581BS,0.9844
13581IK,0.5807
13582CZ,0.9577
13583PN,0.7867
13587II,0.6113
13591EY,0.6462
13596LL,1.0279
13597AT,1.0498
13598AF,0.7301
13599RY,0.7025
13611EO,0.5323
13612IO,0.9086
13614XI,0.5646
13615SP,0.884
13618YB,1.0253
13621YP,0.5916
13625HD,0.9439
13629CI,0.8939
13635SK,0.7037
13638IS,0.9566
13638SO,0.8688
13643QK,1.1219
13644UI,1.0135
13645BU,0.6479
13645QS,0.6439
13648BU,0.7021
13651HX,1.0125
13651UV,0.519
13655QN,0.9035
13657ES,1.0614
13657LC,0.9634
13658LA,0.9516
13659NE,0.8995
13671AT,1.0091
13678CO,0.7327
13681BV,1.0842
13692OV,0.7098
13692QN,0.8213
13699BZ,0.5376
13699VS,0.9405
13718BJ,0.8377
13721TR,0.8308
13726BN,0.8823
13735KQ,0.5916
13737PQ,0.8135
13739AH,0.5907
13743WG,1.0329
13748YQ,0.8442
13749ZJ,0.4726
13756IQ,1.0102
13757BD,0.6434
13758ZP,1.0779
13767SL,0.8728
13768HM,0.9717
13773CY,0.9553
13774VO,0.8996
13796CA,0.9484
13797KC,0.7841
13813CG,0.6689
13813TV,0.9215
13816YK,0.9649
13817XZ,1.1278
13821SN,1.0137
13823UN,1.0105
13825PH,0.5004
13829IL,0.9199
13836NG,0.8356
13839XD,0.8074
13847VX,1.047
13851GA,0.9706
13854DP,0.6725
13854OR,0.9828
13859NE,0.6937
13865OZ,0.7664
13866PQ,0.7189
13867WM,1.1231
13868JV,0.5822
13883VI,0.665
13884EI,0.7207
13885UO,1.0003
13887MT,0.9112
13888HG,0.558
13891BM,1.0333
13898EF,0.8196
13898FJ,1.0716
13899HF,0.9334
13911QT,1.0226
13913BD,0.7272
13913ON,0.882
13913OX,0.9208
13915LX,0.948
13919AX,0.8
13922GK,0.9057
13922OU,0.889
13923SV,0.6788
13927EK,0.8521
13928BR,0.8832
13934PQ,0.9307
13935KU,0.7941
13935PL,0.6284
13944VJ,1.0055
13945JM,0.7049
13945TX,0.9616
13947XU,1.0621
13956FH,0.6487
13962NP,1.0438
13962XM,0.9386
13963WY,0.9304
13964YL,0.5645
13965II,0.9715
13971UQ,0.7294
13972OW,0.9489
13972OY,1.0573
13974BE,1.0145
13978QS,0.7074
13982IJ,0.7165
13984EI,0.8349
13985ZF,0.5644
13987TH,0.5148
13989DV,0.9521
13991SV,0.7364
13994YS,0.8632
13996PC,0.8114
13999JJ,1.1002
14117RW,0.6321
14123XB,0.8886
14124XL,-0.0072
14127WK,1.1234
14133IB,1.0192
14136MU,0.6193
14137HL,1.028
14145YM,0.8137
14146FH,0.9863
14152TT,0.9998
14157HL,0.0405
14159BN,0.6162
14171VP,0.7962
14172CQ,1.0511
14172LZ,1.026
14188PW,0.7752
14188YM,1.0418
14191LZ,1.0204
14211GG,1.0266
14217YO,0.9969
14218QO,0.9765
14221SB,0.8685
14222SN,0.847
14223WS,0.6786
14235FM,0.8998
14235YP,0.9178
14237UI,0.8283
14243AX,0.9095
14248UP,0.9445
14255EY,1.0126
14255FS,0.883
14257VG,0.7983
14257VN,0.9056
14264VF,0.7912
14265HR,1.0237
14282OQ,0.7625
14287KQ,0.5661
14288MB,0.848
14289TE,0.6877
14294ZW,1.0765
14298IQ,0.7981
14299QV,0.8591
14312RZ,0.8222
14321BX,0.945
14326BY,0.7236
14331OY,0.8883
14335IM,0.0261
14341BM,0.8976
14342RN,0.8564
14342RY,0.0143
14344ZQ,1.0551
14345SL,0.0432
14361FK,1.0769
14362LF,0.9543
14368YC,0.7403
14371UV,0.6047
14373OV,0.9834
14375QK,1.0747
14379OO,0.0083
14398XA,0.8305
14414GY,0.6948
14416OJ,0.7841
14422WT,0.0247
14424HV,1.0323
14426IW,0.0331
14426NV,-0.0296
14426YL,0.5478
14427IS,0.9789
14432FY,0.5027
14441QZ,0.7989
14443FR,-0.0264
14453TT,0.7786
14457TX,1.0129
14462PA,0.8701
14462TP,-0.0124
14465DL,0.8633
14468HM,0.7279
14471ZS,0.8994
14485UI,0.6403
14511YX,0.687
14513ZB,0.9844
14514IL,1.0068
14514TE,-0.0354
14519AF,0.9922
14521VO,1.0615
14534VT,0.9997
14536YF,0.6542
14542JS,0.912
14552UO,0.6961
14553MI,0.5495
14561IQ,1.0967
14577DV,-0.0398
14578PT,0.9653
14589IX,0.8356
14591VZ,0.9667
14592SZ,0.7023
14616VF,1.0864
14623AJ,0.7652
14624CR,0.8118
14629BD,0.5663
14631ON,1.0301
14633TL,0.892
14636TZ,0.5963
14637OL,0.8626
14637XD,0.6078
14639NV,0.7249
14647DS,0.5488
14647FJ,0.6809
14647QH,0.91
14649NL,1.0695
14649OX,0.7095
14654GK,0.9324
14656GV,0.9188
14661CN,0.6614
14667RS,0.7616
14671FY,0.8391
14671XP,-0.0263
14679TP,0.8462
14684JT,1.0435
14687DE,0.6806
14688TU,0.7972
14691IM,1.0616
14692ZZ,1.0743
14716IP,0.8008
14717JU,0.9013
14718JZ,0.0418
14726DJ,0.0317
14728MJ,0.6882
14735HS,0.8923
14738RS,-0.0432
14742MK,0.6926
14746GU,0.856
14758CF,1.06
14762JB,0.9312
14772GM,0.649
14774WC,1.0638
14779VF,0.9162
14814HW,1.0198
14817SH,0.5498
14818HD,0.5949
14819SR,-0.0395
14826RM,0.9486
14828NR,0.0462
14829QW,0.7851
14832WE,0.9782
14834WZ,0.9975
14836RY,0.9846
14837AO,0.5749
14844LQ,0.9511
14854CA,0.9906
14862UF,1.0143
14863GI,0.6895
14869GR,1.0972
14869WA,0.5633
14879GX,0.8116
14885UD,1.0015
14889CJ,-0.0192
14898LN,-0.0493
14911DI,0.9524
14912HK,0.5908
14912XC,0.812
14914XQ,0.8875
14922EE,1.0178
14932UA,0.5818
14939LD,0.6818
14944MW,0.0177
14945JM,0.0485
14951YD,0.545
14979QT,0.8191
14981MN,0.7047
14984JO,1.1156
14987VK,0.8814
14989RP,0.7436
14991DG,0.9391
14994IY,0.8013
14994SU,0.6101
14996AP,0.9306
14999ZH,0.6473
15117AG,0.9023
15122AX,0.6203
15148OD,1.0468
15156AG,0.6379
15169MY,0.8413
15171UY,0.9236
15178HA,0.9908
15187YB,0.5478
15213UC,0.6068
15221LK,0.968
15221XS,0.9038
15225TR,0.7985
15226YC,0.9611
15227PI,0.8653
15231TU,0.9073
15232AQ,0.6651
15239NV,0.6634
15246NG,0.8507
15268OF,0.8506
15287MB,0.9557
15316OH,1.0037
15348PU,0.8885
15359VH,0.9784
15366CF,0.8239
15371II,0.8357
15371UT,0.7134
15381LO,0.9169
15416OK,0.7805
15423YH,0.8566
15432NC,0.4478
15456NP,0.7352
15461NP,0.8678
15471FV,0.7952
15478PW,0.7623
15482ZP,0.5394
15491IK,0.8097
15495AD,0.4985
15512DQ,0.5126
15538FL,0.721
15543DG,0.975
15545RN,0.6922
15551SB,0.8333
15556HZ,0.5687
15567NL,0.8707
15588OT,0.9336
15597TN,0.838
15628AF,0.7229
15644KR,0.8142
15665PP,0.505
15666YT,0.7016
15674FN,0.724
15675GP,0.8704
15676NX,1.0851
15683HS,0.9937
15713ZZ,0.8695
15716EE,0.8447
15723ST,0.8442
15729TF,0.9198
15746NE,0.6157
15757DN,0.8491
15765JG,0.9705
15766HT,0.7859
15798YA,0.8806
15814DZ,0.9299
15818RU,0.573
15819JK,1.0357
15821LP,0.8971
15832SY,0.579
15838ZC,0.8323
15848RV,0.9219
15854OP,0.9255
15899AU,0.8976
15923IX,0.9704
15926QR,0.8061
15927CI,1.0099
15927LA,0.9854
15943IQ,0.5559
15952OY,0.8725
15955LP,0.5611
15972NP,0.6305
15977IS,0.5198
15981MJ,0.8203
15987VV,1.0023
99111NT,0.8289
99139MY,-0.0189
99174WO,0.5794
99185AE,-0.0301
99196FG,0.6941
99223ZU,0.5282
99261IJ,0.9001
99265WA,0.0277
99268LZ,0.7565
99269EE,-0.033
99276LT,0.8833
99286MD,0.9819
99311XT,0.6246
99318FB,0.0424
99326NW,-0.0098
99331HT,0.0255
99346XN,0.588
99357VF,-0.0123
99376PL,0.803
99428VA,-0.0366
99435PZ,0.0279
99465FF,0.0288
99546TM,-0.0399
99549DY,0.9482
99556ST,-0.047
99561ZY,-0.041
99564LO,0.0037
99571AK,-0.0399
99597SJ,0.0251
99653JM,0.0196
99659HJ,-0.0161
99659KK,-0.0232
99695JH,-0.0377
99767EW,0.8431
99776IV,1.0202
99794YW,-0.0044
99891UF,0.9557
99911ZG,0.5326
99914RR,-0.0476
99918DA,0.5965
99941WT,0.5871
99944EG,0.0429
99956UB,0.7706
99959OJ,1.0335
99961BG,0.0474
e 234SE,0.9089
ly114RY,0.5802
ly121KK,0.8677
ly163ZW,0.6175
ly259AH,0.556
ly266ZE,0.5945
ly346SJ,0.8824
ly348CL,0.7178
ly413UH,0.6431
ly415UM,0.8969
ly471XF,0.6008
ly495UY,0.8346
ly548JC,0.5571
ly628JT,0.8449
ly632WD,0.5585
ly695BU,0.5022
ly814MY,0.7281
ly825OR,0.7439
ly834KV,0.5515
ly877GO,0.9416
ly979CP,0.5707
ne112CH,0.9396
ne113KU,0.873
ne121TU,1.0743
ne124GN,0.9515
ne125EJ,0.6576
ne126DD,1.0327
ne139HR,0.9515
ne141UM,1.0188
ne141ZJ,0.9892
ne156PK,-0.0053
ne159DE,0.9288
ne171PB,0.9759
ne186OK,0.9803
ne196EG,1.0129
ne213CQ,0.9537
ne234CA,0.7061
ne247WX,0.7101
ne284TA,0.8817
ne324TM,0.583
ne327SV,0.558
ne328IX,1.0041
ne336EL,0.0469
ne337EM,1.0079
ne338QO,0.5506
ne339US,0.9511
ne349QX,0.7244
ne363JR,0.5396
ne369YU,0.0004
ne373KQ,0.9685
ne391OC,1.0295
ne414TW,1.0224
ne422II,0.9588
ne428JM,0.8956
ne431WN,0.0109
ne451ME,1.0181
ne453HQ,0.7859
ne453KA,0.7809
ne475XT,0.9767
ne499RA,0.943
ne513AN,0.6223
ne526UK,0.7815
ne532DD,0.7299
ne536GE,-0.0099
ne546CC,0.9157
ne575QO,-0.0098
ne586KF,0.7252
ne589YR,0.8041
ne591GF,0.9549
ne614TY,0.9188
ne615OV,0.7564
ne627XG,0.8832
ne642SH,1.0218
ne644LU,0.6225
ne652OZ,0.7129
ne665BU,-0.0187
ne676JA,0.0366
ne676JE,1.0012
ne689MY,0.0449
ne697MC,0.9582
ne728OV,0.905
ne729IC,0.9805
ne742EP,0.9528
ne743RB,0.6947
ne744NC,1.0499
ne758WZ,0.9505
ne759ZN,0.7046
ne768NL,1.0262
ne785FJ,0.5927
ne787TB,1.0077
ne812JX,0.5874
ne814JC,0.7422
ne816TG,0.7143
ne827KG,1.0803
ne835LI,0.6209
ne839LF,0.7642
ne845WE,0.6783
ne852SX,0.936
ne855KH,0.9521
ne855PQ,1.0002
ne869EE,0.9252
ne879YJ,0.9813
ne897YJ,0.7737
ne914EC,0.9656
ne919SJ,0.5909
ne931CM,0.9207
ne934VO,1.035
ne946RU,0.5154
ne951HE,0.9539
ne959NZ,0.9024
ne969EH,0.8882
ne969OU,0.8368
ne976DX,1.0234
ne984PQ,0.8941
